coaster,coasterLabel,parkLabel,makerLabel,materialLabel,heightM,lengthM,speedMS,opened,closed
http://www.wikidata.org/entity/Q27927867,Sky Spin,,Maurer Söhne,,15.5,,16.666666666666666668,2013-07-06T00:00:00Z,
http://www.wikidata.org/entity/Q28033288,Gold Rush,Attractiepark Slagharen,Gerstlauer Amusement Rides GmbH,steel,33,400,26.388888888888888891,2017-04-13T00:00:00Z,
http://www.wikidata.org/entity/Q28033288,Gold Rush,Attractiepark Slagharen,Gerstlauer Amusement Rides GmbH,steel,33,400,26.388888888888888891,2017-04-13T00:00:00Z,
http://www.wikidata.org/entity/Q28493695,Ba-a-a-Express,,Q131617947,,3,67,6.1111111111111111116,2016-07-13T00:00:00Z,
http://www.wikidata.org/entity/Q28493695,Ba-a-a-Express,,Mack Rides GmbH & Co KG,,3,67,6.1111111111111111116,2016-07-13T00:00:00Z,
http://www.wikidata.org/entity/Q28549673,Dawson Duel,,Wiegand,,25,490,11.111111111111111112,,
http://www.wikidata.org/entity/Q28549673,Dawson Duel,,Wiegand,,25,490,11.111111111111111112,,
http://www.wikidata.org/entity/Q28555619,Red Force,,Intamin Amusement Rides Int. Corp. Est.,,112,880,50.000000000000000004,2017-04-07T00:00:00Z,
http://www.wikidata.org/entity/Q28555619,Red Force,,Intamin Amusement Rides Int. Corp. Est.,,112,880.02029232,50.000000000000000004,2017-04-07T00:00:00Z,
http://www.wikidata.org/entity/Q28555619,Red Force,,Intamin Amusement Rides Int. Corp. Est.,,111.95326038,880,50.000000000000000004,2017-04-07T00:00:00Z,
http://www.wikidata.org/entity/Q28555619,Red Force,,Intamin Amusement Rides Int. Corp. Est.,,111.95326038,880.02029232,50.000000000000000004,2017-04-07T00:00:00Z,
http://www.wikidata.org/entity/Q28555619,Red Force,,Intamin Amusement Rides Int. Corp. Est.,,112,880,50.000000000000000004,2017-04-07T00:00:00Z,
http://www.wikidata.org/entity/Q28555619,Red Force,,Intamin Amusement Rides Int. Corp. Est.,,112,880.02029232,50.000000000000000004,2017-04-07T00:00:00Z,
http://www.wikidata.org/entity/Q28555619,Red Force,,Intamin Amusement Rides Int. Corp. Est.,,111.95326038,880,50.000000000000000004,2017-04-07T00:00:00Z,
http://www.wikidata.org/entity/Q28555619,Red Force,,Intamin Amusement Rides Int. Corp. Est.,,111.95326038,880.02029232,50.000000000000000004,2017-04-07T00:00:00Z,
http://www.wikidata.org/entity/Q30742297,Boomerang,,Vekoma Rides Manufacturing B.V.,,35.5,285,21.00000000000000000168,1988-01-01T00:00:00Z,
http://www.wikidata.org/entity/Q30742297,Boomerang,,Vekoma Rides Manufacturing B.V.,,35.5,285,21.00000000000000000168,1988-01-01T00:00:00Z,
http://www.wikidata.org/entity/Q30742297,Boomerang,,Vekoma Rides Manufacturing B.V.,,35.5,285,21.00000000000000000168,1992-01-01T00:00:00Z,
http://www.wikidata.org/entity/Q30742297,Boomerang,,Vekoma Rides Manufacturing B.V.,,35.5,285,21.00000000000000000168,1992-01-01T00:00:00Z,
http://www.wikidata.org/entity/Q30742297,Boomerang,,Vekoma Rides Manufacturing B.V.,,35.5,285,21.00000000000000000168,2000-04-22T00:00:00Z,
http://www.wikidata.org/entity/Q30742297,Boomerang,,Vekoma Rides Manufacturing B.V.,,35.5,285,21.00000000000000000168,2000-04-22T00:00:00Z,
http://www.wikidata.org/entity/Q30742297,Boomerang,,Vekoma Rides Manufacturing B.V.,,35.5,285,21.00000000000000000168,2001-04-28T00:00:00Z,
http://www.wikidata.org/entity/Q30742297,Boomerang,,Vekoma Rides Manufacturing B.V.,,35.5,285,21.00000000000000000168,2001-04-28T00:00:00Z,
http://www.wikidata.org/entity/Q39073930,Time Traveler,Silver Dollar City,Mack Rides GmbH & Co KG,,30.48006,920.497812,22.5000000000000000018,2018-03-01T00:00:00Z,
http://www.wikidata.org/entity/Q39073930,Time Traveler,Silver Dollar City,Mack Rides GmbH & Co KG,,30.48006,920.497812,22.5000000000000000018,2018-03-01T00:00:00Z,
http://www.wikidata.org/entity/Q39073930,Time Traveler,Silver Dollar City,Mack Rides GmbH & Co KG,,30.48006,920.497812,22.5000000000000000018,2018-03-14T00:00:00Z,
http://www.wikidata.org/entity/Q39073930,Time Traveler,Silver Dollar City,Mack Rides GmbH & Co KG,,30.48006,920.497812,22.5000000000000000018,2018-03-14T00:00:00Z,
http://www.wikidata.org/entity/Q42295757,Fēnix,Sevenum,Bolliger & Mabillard,,40,813,26.388888888888888891,2018-07-07T00:00:00Z,
http://www.wikidata.org/entity/Q42295757,Fēnix,Sevenum,Bolliger & Mabillard,,40,813,26.388888888888888891,2018-07-07T00:00:00Z,
http://www.wikidata.org/entity/Q50172020,Tiki-Waka,Walibi Belgium,Gerstlauer Amusement Rides GmbH,steel,21,490,15.277777777777777779,2018-04-07T00:00:00Z,
http://www.wikidata.org/entity/Q56401819,Taiga,Linnanmäki,Intamin Amusement Rides Int. Corp. Est.,,52,1104,29.4444444444444444468,2019-06-18T00:00:00Z,
http://www.wikidata.org/entity/Q56448915,West Coast Racers,,Premier Rides,,,,24.5833333333333333353,,
http://www.wikidata.org/entity/Q56448915,West Coast Racers,,Premier Rides,,,,24.5833333333333333353,,
http://www.wikidata.org/entity/Q56448915,West Coast Racers,,Premier Rides,,,,24.5833333333333333353,,
http://www.wikidata.org/entity/Q56640945,Harley Quinn Crazy Coaster,,Skyline Attractions,,18.9,109.7,15.63888888888888889014,2018-08-03T00:00:00Z,
http://www.wikidata.org/entity/Q56707029,Tabalugas Achterbahn,,ZIERER Karussell- und Spezialmaschinenbau GmbH & Co. KG,,9,222,10.8333333333333333342,2018-07-21T00:00:00Z,
http://www.wikidata.org/entity/Q57835594,Zadra,,Rocky Mountain Construction,steel,62.7889236,1316,33.6111111111111111138,,
http://www.wikidata.org/entity/Q57835594,Zadra,,Rocky Mountain Construction,steel,62.7889236,1316.00707056,33.6111111111111111138,,
http://www.wikidata.org/entity/Q57835594,Zadra,,Rocky Mountain Construction,steel,62.8,1316,33.6111111111111111138,,
http://www.wikidata.org/entity/Q57835594,Zadra,,Rocky Mountain Construction,steel,62.8,1316.00707056,33.6111111111111111138,,
http://www.wikidata.org/entity/Q57835594,Zadra,,Rocky Mountain Construction,wood,62.7889236,1316,33.6111111111111111138,,
http://www.wikidata.org/entity/Q57835594,Zadra,,Rocky Mountain Construction,wood,62.7889236,1316.00707056,33.6111111111111111138,,
http://www.wikidata.org/entity/Q57835594,Zadra,,Rocky Mountain Construction,wood,62.8,1316,33.6111111111111111138,,
http://www.wikidata.org/entity/Q57835594,Zadra,,Rocky Mountain Construction,wood,62.8,1316.00707056,33.6111111111111111138,,
http://www.wikidata.org/entity/Q57835594,Zadra,,Rocky Mountain Construction,steel,62.7889236,1316,33.6111111111111111138,,
http://www.wikidata.org/entity/Q57835594,Zadra,,Rocky Mountain Construction,steel,62.7889236,1316.00707056,33.6111111111111111138,,
http://www.wikidata.org/entity/Q57835594,Zadra,,Rocky Mountain Construction,steel,62.8,1316,33.6111111111111111138,,
http://www.wikidata.org/entity/Q57835594,Zadra,,Rocky Mountain Construction,steel,62.8,1316.00707056,33.6111111111111111138,,
http://www.wikidata.org/entity/Q57835594,Zadra,,Rocky Mountain Construction,wood,62.7889236,1316,33.6111111111111111138,,
http://www.wikidata.org/entity/Q57835594,Zadra,,Rocky Mountain Construction,wood,62.7889236,1316.00707056,33.6111111111111111138,,
http://www.wikidata.org/entity/Q57835594,Zadra,,Rocky Mountain Construction,wood,62.8,1316,33.6111111111111111138,,
http://www.wikidata.org/entity/Q57835594,Zadra,,Rocky Mountain Construction,wood,62.8,1316.00707056,33.6111111111111111138,,
http://www.wikidata.org/entity/Q59799476,Max & Moritz,Kaatsheuvel,Mack Rides GmbH & Co KG,,6,300,10.0000000000000000008,2020-06-20T00:00:00Z,
http://www.wikidata.org/entity/Q59799476,Max & Moritz,Efteling,Mack Rides GmbH & Co KG,,6,300,10.0000000000000000008,2020-06-20T00:00:00Z,
http://www.wikidata.org/entity/Q60729793,Untamed,Biddinghuizen,Rocky Mountain Construction,steel,36.5,1085,25.5555555555555555576,2019-07-01T00:00:00Z,
http://www.wikidata.org/entity/Q60729793,Untamed,Biddinghuizen,Rocky Mountain Construction,wood,36.5,1085,25.5555555555555555576,2019-07-01T00:00:00Z,
http://www.wikidata.org/entity/Q62089668,Fury,Lichtaart,Gerstlauer Amusement Rides GmbH,,43,600,29.61111111111111111348,,
http://www.wikidata.org/entity/Q63196746,Eurosat - CanCan Coaster,,Mack Rides GmbH & Co KG,,25.5,900,16.666666666666666668,2018-09-13T00:00:00Z,
http://www.wikidata.org/entity/Q63196746,Eurosat - CanCan Coaster,,Mack Rides GmbH & Co KG,,25.5,900,16.666666666666666668,2018-09-13T00:00:00Z,
http://www.wikidata.org/entity/Q65560494,Fun Pilot,Walibi Belgium,ZIERER Karussell- und Spezialmaschinenbau GmbH & Co. KG,,9.5,190,11.111111111111111112,2019-05-25T00:00:00Z,
http://www.wikidata.org/entity/Q253534,Calamity Mine,Walibi Belgium,Vekoma Rides Manufacturing B.V.,,14,785,13.44444444444444444552,1992-07-16T00:00:00Z,
http://www.wikidata.org/entity/Q261806,Loup Garou,Walibi Belgium,Vekoma Rides Manufacturing B.V.,wood,27.98,1034.8,22.222222222222222224,,
http://www.wikidata.org/entity/Q283168,Son of Beast,,Roller Coaster Corporation of America,,66.4465308,2143.3578192,35.047936,2000-04-28T00:00:00Z,2009-06-16T00:00:00Z
http://www.wikidata.org/entity/Q283168,Son of Beast,,Roller Coaster Corporation of America,,66.4465308,2143.3578192,35.047936,2000-04-28T00:00:00Z,2009-06-16T00:00:00Z
http://www.wikidata.org/entity/Q287217,iSpeed,Mirabilandia,Intamin Amusement Rides Int. Corp. Est.,,55,980,30.555555555555555558,2009-05-20T00:00:00Z,
http://www.wikidata.org/entity/Q287217,iSpeed,Mirabilandia,Intamin Amusement Rides Int. Corp. Est.,,55,980,30.555555555555555558,2009-05-20T00:00:00Z,
http://www.wikidata.org/entity/Q290976,X²,Six Flags Magic Mountain,Arrow Dynamics,,53,1100,33.8888888888888888916,,
http://www.wikidata.org/entity/Q319081,Black Mamba,,Bolliger & Mabillard,,26,768,22.222222222222222224,,
http://www.wikidata.org/entity/Q319452,Poseidon,,Mack Rides GmbH & Co KG,,23,836,19.444444444444444446,,
http://www.wikidata.org/entity/Q319452,Poseidon,,Mack Rides GmbH & Co KG,,23,836,19.444444444444444446,,
http://www.wikidata.org/entity/Q319652,Atlantica SuperSplash,,Mack Rides GmbH & Co KG,,30,390,22.222222222222222224,2005-03-19T00:00:00Z,
http://www.wikidata.org/entity/Q319724,Matterhorn-Blitz,,Mack Rides GmbH & Co KG,,16,383,15.63888888888888889014,,
http://www.wikidata.org/entity/Q319724,Matterhorn-Blitz,,Mack Rides GmbH & Co KG,,16,383,15.63888888888888889014,,
http://www.wikidata.org/entity/Q319742,Winja’s Fear & Winja’s Force,,Maurer Söhne,,17,465,18.3333333333333333348,2002-03-30T00:00:00Z,
http://www.wikidata.org/entity/Q319742,Winja’s Fear & Winja’s Force,,Maurer Söhne,,17,465,16.666666666666666668,2002-03-30T00:00:00Z,
http://www.wikidata.org/entity/Q319742,Winja’s Fear & Winja’s Force,,Maurer Söhne,,17,420,18.3333333333333333348,2002-03-30T00:00:00Z,
http://www.wikidata.org/entity/Q319742,Winja’s Fear & Winja’s Force,,Maurer Söhne,,17,420,16.666666666666666668,2002-03-30T00:00:00Z,
http://www.wikidata.org/entity/Q319742,Winja’s Fear & Winja’s Force,,Maurer Söhne,,17,465,18.3333333333333333348,2002-03-30T00:00:00Z,
http://www.wikidata.org/entity/Q319742,Winja’s Fear & Winja’s Force,,Maurer Söhne,,17,465,16.666666666666666668,2002-03-30T00:00:00Z,
http://www.wikidata.org/entity/Q319742,Winja’s Fear & Winja’s Force,,Maurer Söhne,,17,420,18.3333333333333333348,2002-03-30T00:00:00Z,
http://www.wikidata.org/entity/Q319742,Winja’s Fear & Winja’s Force,,Maurer Söhne,,17,420,16.666666666666666668,2002-03-30T00:00:00Z,
http://www.wikidata.org/entity/Q319742,Winja’s Fear & Winja’s Force,,Maurer Söhne,,17,465,18.3333333333333333348,2002-03-30T00:00:00Z,
http://www.wikidata.org/entity/Q319742,Winja’s Fear & Winja’s Force,,Maurer Söhne,,17,465,16.666666666666666668,2002-03-30T00:00:00Z,
http://www.wikidata.org/entity/Q319742,Winja’s Fear & Winja’s Force,,Maurer Söhne,,17,420,18.3333333333333333348,2002-03-30T00:00:00Z,
http://www.wikidata.org/entity/Q319742,Winja’s Fear & Winja’s Force,,Maurer Söhne,,17,420,16.666666666666666668,2002-03-30T00:00:00Z,
http://www.wikidata.org/entity/Q319747,Crazy Bats,,Vekoma Rides Manufacturing B.V.,,117,1175,12.9166666666666666677,1988-04-01T00:00:00Z,
http://www.wikidata.org/entity/Q319752,Colorado Adventure,,Vekoma Rides Manufacturing B.V.,,26,1280,13.88888888888888889,,
http://www.wikidata.org/entity/Q319758,Schweizer Bobbahn,,Mack Rides GmbH & Co KG,,19,487,13.88888888888888889,1985-01-01T00:00:00Z,
http://www.wikidata.org/entity/Q319758,Schweizer Bobbahn,,Mack Rides GmbH & Co KG,,19,487,13.88888888888888889,1985-01-01T00:00:00Z,
http://www.wikidata.org/entity/Q323953,Alpenexpress Enzian,,Mack Rides GmbH & Co KG,,6,264,12.500000000000000001,1984-01-01T00:00:00Z,
http://www.wikidata.org/entity/Q323953,Alpenexpress Enzian,,Mack Rides GmbH & Co KG,,6,264,12.500000000000000001,1984-01-01T00:00:00Z,
http://www.wikidata.org/entity/Q323958,G’sengte Sau,,Maurer Söhne,,16,480,16.666666666666666668,1998-01-01T00:00:00Z,
http://www.wikidata.org/entity/Q323958,G’sengte Sau,,Gerstlauer Amusement Rides GmbH,,16,480,16.666666666666666668,1998-01-01T00:00:00Z,
http://www.wikidata.org/entity/Q329194,Mammut,,Gerstlauer Amusement Rides GmbH,,30,860,25.000000000000000002,2008-04-28T00:00:00Z,
http://www.wikidata.org/entity/Q329194,Mammut,,Werner Stengel,,30,860,25.000000000000000002,2008-04-28T00:00:00Z,
http://www.wikidata.org/entity/Q443680,Wodan - Timburcoaster,,Great Coasters International,,40,1050,27.77777777777777778,2012-03-31T00:00:00Z,
http://www.wikidata.org/entity/Q451449,Expedition GeForce,Plopsaland Deutschland,Intamin Amusement Rides Int. Corp. Est.,,53,1220,33.333333333333333336,2001-06-18T00:00:00Z,
http://www.wikidata.org/entity/Q466829,Euro-Mir,,Mack Rides GmbH & Co KG,,28,980,22.222222222222222224,1997-06-12T00:00:00Z,
http://www.wikidata.org/entity/Q466829,Euro-Mir,,Mack Rides GmbH & Co KG,,28,980,22.222222222222222224,1997-06-12T00:00:00Z,
http://www.wikidata.org/entity/Q477897,Blue Fire Megacoaster,,Mack Rides GmbH & Co KG,,38,1056,27.77777777777777778,2009-04-04T00:00:00Z,
http://www.wikidata.org/entity/Q477897,Blue Fire Megacoaster,,Mack Rides GmbH & Co KG,,38,1056,27.77777777777777778,2009-04-04T00:00:00Z,
http://www.wikidata.org/entity/Q507026,Space Mountain,Disneyland Park,Vekoma Rides Manufacturing B.V.,,32,1000,19.66666666666666666824,1995-06-01T00:00:00Z,
http://www.wikidata.org/entity/Q507026,Space Mountain,Disneyland Park,Werner Stengel,,32,1000,19.66666666666666666824,1995-06-01T00:00:00Z,
http://www.wikidata.org/entity/Q507026,Space Mountain,Disneyland Park,Vekoma Rides Manufacturing B.V.,,32,1000,19.66666666666666666824,1995-06-01T00:00:00Z,
http://www.wikidata.org/entity/Q507026,Space Mountain,Disneyland Park,Werner Stengel,,32,1000,19.66666666666666666824,1995-06-01T00:00:00Z,
http://www.wikidata.org/entity/Q508159,Takabisha,,Gerstlauer Amusement Rides GmbH,,43,1004,27.77777777777777778,2011-07-16T00:00:00Z,
http://www.wikidata.org/entity/Q508159,Takabisha,,Gerstlauer Amusement Rides GmbH,,43,1004,27.77777777777777778,2011-07-16T00:00:00Z,
http://www.wikidata.org/entity/Q527688,Silver Star,,Bolliger & Mabillard,,73,1620,35.2777777777777777806,,
http://www.wikidata.org/entity/Q586556,Vogel Rok,Kaatsheuvel,Vekoma Rides Manufacturing B.V.,,20,643,18.055555555555555557,1998-04-09T00:00:00Z,
http://www.wikidata.org/entity/Q586556,Vogel Rok,Efteling,Vekoma Rides Manufacturing B.V.,,20,643,18.055555555555555557,1998-04-09T00:00:00Z,
http://www.wikidata.org/entity/Q586556,Vogel Rok,Kaatsheuvel,Vekoma Rides Manufacturing B.V.,,20,643,18.055555555555555557,1998-04-09T00:00:00Z,
http://www.wikidata.org/entity/Q586556,Vogel Rok,Efteling,Vekoma Rides Manufacturing B.V.,,20,643,18.055555555555555557,1998-04-09T00:00:00Z,
http://www.wikidata.org/entity/Q586556,Vogel Rok,Kaatsheuvel,Vekoma Rides Manufacturing B.V.,,20,643,18.055555555555555557,1998-04-09T00:00:00Z,
http://www.wikidata.org/entity/Q586556,Vogel Rok,Efteling,Vekoma Rides Manufacturing B.V.,,20,643,18.055555555555555557,1998-04-09T00:00:00Z,
http://www.wikidata.org/entity/Q586854,Tonnerre 2 Zeus,,Custom Coasters International,,33,1232,23.25000000000000000186,,
http://www.wikidata.org/entity/Q610172,Euthanasia Coaster,,,,510,7544,100.000000000000000008,,
http://www.wikidata.org/entity/Q636333,De Vliegende Hollander,Kaatsheuvel,Kumbak,,22.5,420,19.444444444444444446,2007-04-01T00:00:00Z,
http://www.wikidata.org/entity/Q636333,De Vliegende Hollander,Efteling,Kumbak,,22.5,420,19.444444444444444446,2007-04-01T00:00:00Z,
http://www.wikidata.org/entity/Q648978,Wicked Twister,,Intamin Amusement Rides Int. Corp. Est.,steel,65.532129,210.0076134,32.19444444444444444702,2002-05-05T00:00:00Z,2021-09-06T00:00:00Z
http://www.wikidata.org/entity/Q648978,Wicked Twister,,Intamin Amusement Rides Int. Corp. Est.,steel,65.532129,210.0076134,32.18688,2002-05-05T00:00:00Z,2021-09-06T00:00:00Z
http://www.wikidata.org/entity/Q648978,Wicked Twister,,Intamin Amusement Rides Int. Corp. Est.,steel,65.532129,200,32.19444444444444444702,2002-05-05T00:00:00Z,2021-09-06T00:00:00Z
http://www.wikidata.org/entity/Q648978,Wicked Twister,,Intamin Amusement Rides Int. Corp. Est.,steel,65.532129,200,32.18688,2002-05-05T00:00:00Z,2021-09-06T00:00:00Z
http://www.wikidata.org/entity/Q648978,Wicked Twister,,Intamin Amusement Rides Int. Corp. Est.,steel,65.5,210.0076134,32.19444444444444444702,2002-05-05T00:00:00Z,2021-09-06T00:00:00Z
http://www.wikidata.org/entity/Q648978,Wicked Twister,,Intamin Amusement Rides Int. Corp. Est.,steel,65.5,210.0076134,32.18688,2002-05-05T00:00:00Z,2021-09-06T00:00:00Z
http://www.wikidata.org/entity/Q648978,Wicked Twister,,Intamin Amusement Rides Int. Corp. Est.,steel,65.5,200,32.19444444444444444702,2002-05-05T00:00:00Z,2021-09-06T00:00:00Z
http://www.wikidata.org/entity/Q648978,Wicked Twister,,Intamin Amusement Rides Int. Corp. Est.,steel,65.5,200,32.18688,2002-05-05T00:00:00Z,2021-09-06T00:00:00Z
http://www.wikidata.org/entity/Q648978,Wicked Twister,,Intamin Amusement Rides Int. Corp. Est.,steel,65.532129,210.0076134,32.19444444444444444702,2002-05-05T00:00:00Z,2021-09-06T00:00:00Z
http://www.wikidata.org/entity/Q648978,Wicked Twister,,Intamin Amusement Rides Int. Corp. Est.,steel,65.532129,210.0076134,32.18688,2002-05-05T00:00:00Z,2021-09-06T00:00:00Z
http://www.wikidata.org/entity/Q648978,Wicked Twister,,Intamin Amusement Rides Int. Corp. Est.,steel,65.532129,200,32.19444444444444444702,2002-05-05T00:00:00Z,2021-09-06T00:00:00Z
http://www.wikidata.org/entity/Q648978,Wicked Twister,,Intamin Amusement Rides Int. Corp. Est.,steel,65.532129,200,32.18688,2002-05-05T00:00:00Z,2021-09-06T00:00:00Z
http://www.wikidata.org/entity/Q648978,Wicked Twister,,Intamin Amusement Rides Int. Corp. Est.,steel,65.5,210.0076134,32.19444444444444444702,2002-05-05T00:00:00Z,2021-09-06T00:00:00Z
http://www.wikidata.org/entity/Q648978,Wicked Twister,,Intamin Amusement Rides Int. Corp. Est.,steel,65.5,210.0076134,32.18688,2002-05-05T00:00:00Z,2021-09-06T00:00:00Z
http://www.wikidata.org/entity/Q648978,Wicked Twister,,Intamin Amusement Rides Int. Corp. Est.,steel,65.5,200,32.19444444444444444702,2002-05-05T00:00:00Z,2021-09-06T00:00:00Z
http://www.wikidata.org/entity/Q648978,Wicked Twister,,Intamin Amusement Rides Int. Corp. Est.,steel,65.5,200,32.18688,2002-05-05T00:00:00Z,2021-09-06T00:00:00Z
http://www.wikidata.org/entity/Q648978,Wicked Twister,,Intamin Amusement Rides Int. Corp. Est.,steel,65.532129,210.0076134,32.19444444444444444702,2002-05-05T00:00:00Z,2021-09-06T00:00:00Z
http://www.wikidata.org/entity/Q648978,Wicked Twister,,Intamin Amusement Rides Int. Corp. Est.,steel,65.532129,210.0076134,32.18688,2002-05-05T00:00:00Z,2021-09-06T00:00:00Z
http://www.wikidata.org/entity/Q648978,Wicked Twister,,Intamin Amusement Rides Int. Corp. Est.,steel,65.532129,200,32.19444444444444444702,2002-05-05T00:00:00Z,2021-09-06T00:00:00Z
http://www.wikidata.org/entity/Q648978,Wicked Twister,,Intamin Amusement Rides Int. Corp. Est.,steel,65.532129,200,32.18688,2002-05-05T00:00:00Z,2021-09-06T00:00:00Z
http://www.wikidata.org/entity/Q648978,Wicked Twister,,Intamin Amusement Rides Int. Corp. Est.,steel,65.5,210.0076134,32.19444444444444444702,2002-05-05T00:00:00Z,2021-09-06T00:00:00Z
http://www.wikidata.org/entity/Q648978,Wicked Twister,,Intamin Amusement Rides Int. Corp. Est.,steel,65.5,210.0076134,32.18688,2002-05-05T00:00:00Z,2021-09-06T00:00:00Z
http://www.wikidata.org/entity/Q648978,Wicked Twister,,Intamin Amusement Rides Int. Corp. Est.,steel,65.5,200,32.19444444444444444702,2002-05-05T00:00:00Z,2021-09-06T00:00:00Z
http://www.wikidata.org/entity/Q648978,Wicked Twister,,Intamin Amusement Rides Int. Corp. Est.,steel,65.5,200,32.18688,2002-05-05T00:00:00Z,2021-09-06T00:00:00Z
http://www.wikidata.org/entity/Q648978,Wicked Twister,,Intamin Amusement Rides Int. Corp. Est.,steel,65.532129,210.0076134,32.19444444444444444702,2002-05-05T00:00:00Z,2021-09-06T00:00:00Z
http://www.wikidata.org/entity/Q648978,Wicked Twister,,Intamin Amusement Rides Int. Corp. Est.,steel,65.532129,210.0076134,32.18688,2002-05-05T00:00:00Z,2021-09-06T00:00:00Z
http://www.wikidata.org/entity/Q648978,Wicked Twister,,Intamin Amusement Rides Int. Corp. Est.,steel,65.532129,200,32.19444444444444444702,2002-05-05T00:00:00Z,2021-09-06T00:00:00Z
http://www.wikidata.org/entity/Q648978,Wicked Twister,,Intamin Amusement Rides Int. Corp. Est.,steel,65.532129,200,32.18688,2002-05-05T00:00:00Z,2021-09-06T00:00:00Z
http://www.wikidata.org/entity/Q648978,Wicked Twister,,Intamin Amusement Rides Int. Corp. Est.,steel,65.5,210.0076134,32.19444444444444444702,2002-05-05T00:00:00Z,2021-09-06T00:00:00Z
http://www.wikidata.org/entity/Q648978,Wicked Twister,,Intamin Amusement Rides Int. Corp. Est.,steel,65.5,210.0076134,32.18688,2002-05-05T00:00:00Z,2021-09-06T00:00:00Z
http://www.wikidata.org/entity/Q648978,Wicked Twister,,Intamin Amusement Rides Int. Corp. Est.,steel,65.5,200,32.19444444444444444702,2002-05-05T00:00:00Z,2021-09-06T00:00:00Z
http://www.wikidata.org/entity/Q648978,Wicked Twister,,Intamin Amusement Rides Int. Corp. Est.,steel,65.5,200,32.18688,2002-05-05T00:00:00Z,2021-09-06T00:00:00Z
http://www.wikidata.org/entity/Q648978,Wicked Twister,,Intamin Amusement Rides Int. Corp. Est.,steel,65.532129,210.0076134,32.19444444444444444702,2002-05-05T00:00:00Z,2021-09-06T00:00:00Z
http://www.wikidata.org/entity/Q648978,Wicked Twister,,Intamin Amusement Rides Int. Corp. Est.,steel,65.532129,210.0076134,32.18688,2002-05-05T00:00:00Z,2021-09-06T00:00:00Z
http://www.wikidata.org/entity/Q648978,Wicked Twister,,Intamin Amusement Rides Int. Corp. Est.,steel,65.532129,200,32.19444444444444444702,2002-05-05T00:00:00Z,2021-09-06T00:00:00Z
http://www.wikidata.org/entity/Q648978,Wicked Twister,,Intamin Amusement Rides Int. Corp. Est.,steel,65.532129,200,32.18688,2002-05-05T00:00:00Z,2021-09-06T00:00:00Z
http://www.wikidata.org/entity/Q648978,Wicked Twister,,Intamin Amusement Rides Int. Corp. Est.,steel,65.5,210.0076134,32.19444444444444444702,2002-05-05T00:00:00Z,2021-09-06T00:00:00Z
http://www.wikidata.org/entity/Q648978,Wicked Twister,,Intamin Amusement Rides Int. Corp. Est.,steel,65.5,210.0076134,32.18688,2002-05-05T00:00:00Z,2021-09-06T00:00:00Z
http://www.wikidata.org/entity/Q648978,Wicked Twister,,Intamin Amusement Rides Int. Corp. Est.,steel,65.5,200,32.19444444444444444702,2002-05-05T00:00:00Z,2021-09-06T00:00:00Z
http://www.wikidata.org/entity/Q648978,Wicked Twister,,Intamin Amusement Rides Int. Corp. Est.,steel,65.5,200,32.18688,2002-05-05T00:00:00Z,2021-09-06T00:00:00Z
http://www.wikidata.org/entity/Q664228,The Incredible Hulk,,Bolliger & Mabillard,,33.528066,1127.76222,29.94444444444444444684,1999-05-28T00:00:00Z,
http://www.wikidata.org/entity/Q664228,The Incredible Hulk,,Bolliger & Mabillard,,33.528066,1127.8,29.94444444444444444684,1999-05-28T00:00:00Z,
http://www.wikidata.org/entity/Q1068893,Cheetah Hunt,Busch Gardens Tampa,Intamin Amusement Rides Int. Corp. Est.,,31.1,1350,26.83333333333333333548,2011-05-27T00:00:00Z,
http://www.wikidata.org/entity/Q1068893,Cheetah Hunt,Busch Gardens Tampa,Intamin Amusement Rides Int. Corp. Est.,,31.1,1350,26.83333333333333333548,2011-05-27T00:00:00Z,
http://www.wikidata.org/entity/Q1127867,Vuoristorata,Linnanmäki,,,24,960,16.666666666666666668,1951-07-13T00:00:00Z,
http://www.wikidata.org/entity/Q1130871,Joris en de Draak,Kaatsheuvel,Great Coasters International,,25,810,20.833333333333333335,2010-07-01T00:00:00Z,
http://www.wikidata.org/entity/Q1130871,Joris en de Draak,Efteling,Great Coasters International,,25,810,20.833333333333333335,2010-07-01T00:00:00Z,
http://www.wikidata.org/entity/Q1130871,Joris en de Draak,Kaatsheuvel,Great Coasters International,,25,810,20.833333333333333335,2010-07-01T00:00:00Z,
http://www.wikidata.org/entity/Q1130871,Joris en de Draak,Efteling,Great Coasters International,,25,810,20.833333333333333335,2010-07-01T00:00:00Z,
http://www.wikidata.org/entity/Q1142089,Crush's Coaster,,Maurer Söhne,,15.5,545,16.666666666666666668,2007-06-09T00:00:00Z,
http://www.wikidata.org/entity/Q1189847,Q1189847,,Intamin Amusement Rides Int. Corp. Est.,steel,128,853.4,53.63888888888888889318,2003-05-04T00:00:00Z,2022-09-06T00:00:00Z
http://www.wikidata.org/entity/Q1189847,Q1189847,,Intamin Amusement Rides Int. Corp. Est.,steel,128,853.44168,53.63888888888888889318,2003-05-04T00:00:00Z,2022-09-06T00:00:00Z
http://www.wikidata.org/entity/Q1189847,Q1189847,,Intamin Amusement Rides Int. Corp. Est.,steel,128.016252,853.4,53.63888888888888889318,2003-05-04T00:00:00Z,2022-09-06T00:00:00Z
http://www.wikidata.org/entity/Q1189847,Q1189847,,Intamin Amusement Rides Int. Corp. Est.,steel,128.016252,853.44168,53.63888888888888889318,2003-05-04T00:00:00Z,2022-09-06T00:00:00Z
http://www.wikidata.org/entity/Q1189847,Q1189847,,Intamin Amusement Rides Int. Corp. Est.,steel,128,853.4,53.63888888888888889318,2003-05-04T00:00:00Z,2022-09-06T00:00:00Z
http://www.wikidata.org/entity/Q1189847,Q1189847,,Intamin Amusement Rides Int. Corp. Est.,steel,128,853.44168,53.63888888888888889318,2003-05-04T00:00:00Z,2022-09-06T00:00:00Z
http://www.wikidata.org/entity/Q1189847,Q1189847,,Intamin Amusement Rides Int. Corp. Est.,steel,128.016252,853.4,53.63888888888888889318,2003-05-04T00:00:00Z,2022-09-06T00:00:00Z
http://www.wikidata.org/entity/Q1189847,Q1189847,,Intamin Amusement Rides Int. Corp. Est.,steel,128.016252,853.44168,53.63888888888888889318,2003-05-04T00:00:00Z,2022-09-06T00:00:00Z
http://www.wikidata.org/entity/Q1189847,Q1189847,,Intamin Amusement Rides Int. Corp. Est.,steel,128,853.4,53.63888888888888889318,2003-05-04T00:00:00Z,2022-09-06T00:00:00Z
http://www.wikidata.org/entity/Q1189847,Q1189847,,Intamin Amusement Rides Int. Corp. Est.,steel,128,853.44168,53.63888888888888889318,2003-05-04T00:00:00Z,2022-09-06T00:00:00Z
http://www.wikidata.org/entity/Q1189847,Q1189847,,Intamin Amusement Rides Int. Corp. Est.,steel,128.016252,853.4,53.63888888888888889318,2003-05-04T00:00:00Z,2022-09-06T00:00:00Z
http://www.wikidata.org/entity/Q1189847,Q1189847,,Intamin Amusement Rides Int. Corp. Est.,steel,128.016252,853.44168,53.63888888888888889318,2003-05-04T00:00:00Z,2022-09-06T00:00:00Z
http://www.wikidata.org/entity/Q1234462,Dodonpa,,S&S Worldwide,,49,1244,50.000000000000000004,2001-12-21T00:00:00Z,2024-03-13T00:00:00Z
http://www.wikidata.org/entity/Q1234462,Dodonpa,,S&S Worldwide,,49,1244,47.7777777777777777816,2001-12-21T00:00:00Z,2024-03-13T00:00:00Z
http://www.wikidata.org/entity/Q1234462,Dodonpa,,S&S Worldwide,,49,1189,50.000000000000000004,2001-12-21T00:00:00Z,2024-03-13T00:00:00Z
http://www.wikidata.org/entity/Q1234462,Dodonpa,,S&S Worldwide,,49,1189,47.7777777777777777816,2001-12-21T00:00:00Z,2024-03-13T00:00:00Z
http://www.wikidata.org/entity/Q1234462,Dodonpa,,S&S Worldwide,,49,1243.98268878,50.000000000000000004,2001-12-21T00:00:00Z,2024-03-13T00:00:00Z
http://www.wikidata.org/entity/Q1234462,Dodonpa,,S&S Worldwide,,49,1243.98268878,47.7777777777777777816,2001-12-21T00:00:00Z,2024-03-13T00:00:00Z
http://www.wikidata.org/entity/Q1234462,Dodonpa,,S&S Worldwide,,52,1244,50.000000000000000004,2001-12-21T00:00:00Z,2024-03-13T00:00:00Z
http://www.wikidata.org/entity/Q1234462,Dodonpa,,S&S Worldwide,,52,1244,47.7777777777777777816,2001-12-21T00:00:00Z,2024-03-13T00:00:00Z
http://www.wikidata.org/entity/Q1234462,Dodonpa,,S&S Worldwide,,52,1189,50.000000000000000004,2001-12-21T00:00:00Z,2024-03-13T00:00:00Z
http://www.wikidata.org/entity/Q1234462,Dodonpa,,S&S Worldwide,,52,1189,47.7777777777777777816,2001-12-21T00:00:00Z,2024-03-13T00:00:00Z
http://www.wikidata.org/entity/Q1234462,Dodonpa,,S&S Worldwide,,52,1243.98268878,50.000000000000000004,2001-12-21T00:00:00Z,2024-03-13T00:00:00Z
http://www.wikidata.org/entity/Q1234462,Dodonpa,,S&S Worldwide,,52,1243.98268878,47.7777777777777777816,2001-12-21T00:00:00Z,2024-03-13T00:00:00Z
http://www.wikidata.org/entity/Q1234462,Dodonpa,,S&S Worldwide,,49.01193648,1244,50.000000000000000004,2001-12-21T00:00:00Z,2024-03-13T00:00:00Z
http://www.wikidata.org/entity/Q1234462,Dodonpa,,S&S Worldwide,,49.01193648,1244,47.7777777777777777816,2001-12-21T00:00:00Z,2024-03-13T00:00:00Z
http://www.wikidata.org/entity/Q1234462,Dodonpa,,S&S Worldwide,,49.01193648,1189,50.000000000000000004,2001-12-21T00:00:00Z,2024-03-13T00:00:00Z
http://www.wikidata.org/entity/Q1234462,Dodonpa,,S&S Worldwide,,49.01193648,1189,47.7777777777777777816,2001-12-21T00:00:00Z,2024-03-13T00:00:00Z
http://www.wikidata.org/entity/Q1234462,Dodonpa,,S&S Worldwide,,49.01193648,1243.98268878,50.000000000000000004,2001-12-21T00:00:00Z,2024-03-13T00:00:00Z
http://www.wikidata.org/entity/Q1234462,Dodonpa,,S&S Worldwide,,49.01193648,1243.98268878,47.7777777777777777816,2001-12-21T00:00:00Z,2024-03-13T00:00:00Z
http://www.wikidata.org/entity/Q1234462,Dodonpa,,S&S Worldwide,,49,1244,50.000000000000000004,2001-12-21T00:00:00Z,2024-03-13T00:00:00Z
http://www.wikidata.org/entity/Q1234462,Dodonpa,,S&S Worldwide,,49,1244,47.7777777777777777816,2001-12-21T00:00:00Z,2024-03-13T00:00:00Z
http://www.wikidata.org/entity/Q1234462,Dodonpa,,S&S Worldwide,,49,1189,50.000000000000000004,2001-12-21T00:00:00Z,2024-03-13T00:00:00Z
http://www.wikidata.org/entity/Q1234462,Dodonpa,,S&S Worldwide,,49,1189,47.7777777777777777816,2001-12-21T00:00:00Z,2024-03-13T00:00:00Z
http://www.wikidata.org/entity/Q1234462,Dodonpa,,S&S Worldwide,,49,1243.98268878,50.000000000000000004,2001-12-21T00:00:00Z,2024-03-13T00:00:00Z
http://www.wikidata.org/entity/Q1234462,Dodonpa,,S&S Worldwide,,49,1243.98268878,47.7777777777777777816,2001-12-21T00:00:00Z,2024-03-13T00:00:00Z
http://www.wikidata.org/entity/Q1234462,Dodonpa,,S&S Worldwide,,52,1244,50.000000000000000004,2001-12-21T00:00:00Z,2024-03-13T00:00:00Z
http://www.wikidata.org/entity/Q1234462,Dodonpa,,S&S Worldwide,,52,1244,47.7777777777777777816,2001-12-21T00:00:00Z,2024-03-13T00:00:00Z
http://www.wikidata.org/entity/Q1234462,Dodonpa,,S&S Worldwide,,52,1189,50.000000000000000004,2001-12-21T00:00:00Z,2024-03-13T00:00:00Z
http://www.wikidata.org/entity/Q1234462,Dodonpa,,S&S Worldwide,,52,1189,47.7777777777777777816,2001-12-21T00:00:00Z,2024-03-13T00:00:00Z
http://www.wikidata.org/entity/Q1234462,Dodonpa,,S&S Worldwide,,52,1243.98268878,50.000000000000000004,2001-12-21T00:00:00Z,2024-03-13T00:00:00Z
http://www.wikidata.org/entity/Q1234462,Dodonpa,,S&S Worldwide,,52,1243.98268878,47.7777777777777777816,2001-12-21T00:00:00Z,2024-03-13T00:00:00Z
http://www.wikidata.org/entity/Q1234462,Dodonpa,,S&S Worldwide,,49.01193648,1244,50.000000000000000004,2001-12-21T00:00:00Z,2024-03-13T00:00:00Z
http://www.wikidata.org/entity/Q1234462,Dodonpa,,S&S Worldwide,,49.01193648,1244,47.7777777777777777816,2001-12-21T00:00:00Z,2024-03-13T00:00:00Z
http://www.wikidata.org/entity/Q1234462,Dodonpa,,S&S Worldwide,,49.01193648,1189,50.000000000000000004,2001-12-21T00:00:00Z,2024-03-13T00:00:00Z
http://www.wikidata.org/entity/Q1234462,Dodonpa,,S&S Worldwide,,49.01193648,1189,47.7777777777777777816,2001-12-21T00:00:00Z,2024-03-13T00:00:00Z
http://www.wikidata.org/entity/Q1234462,Dodonpa,,S&S Worldwide,,49.01193648,1243.98268878,50.000000000000000004,2001-12-21T00:00:00Z,2024-03-13T00:00:00Z
http://www.wikidata.org/entity/Q1234462,Dodonpa,,S&S Worldwide,,49.01193648,1243.98268878,47.7777777777777777816,2001-12-21T00:00:00Z,2024-03-13T00:00:00Z
http://www.wikidata.org/entity/Q1273046,Dwervelwind,Toverland,Mack Rides GmbH & Co KG,,20,462,19.444444444444444446,2012-09-29T00:00:00Z,
http://www.wikidata.org/entity/Q1273046,Dwervelwind,Toverland,Mack Rides GmbH & Co KG,,20,462,19.444444444444444446,2012-09-29T00:00:00Z,
http://www.wikidata.org/entity/Q1317783,Troy,,Great Coasters International,,31.9,1077.2,24.13888888888888889082,2007-07-01T00:00:00Z,
http://www.wikidata.org/entity/Q1476731,Goliath,,Intamin Amusement Rides Int. Corp. Est.,,46.8,1214,29.4444444444444444468,2002-03-29T00:00:00Z,
http://www.wikidata.org/entity/Q1516621,Robin Hood,Biddinghuizen,Vekoma Rides Manufacturing B.V.,wood,32,1035,22.222222222222222224,2000-01-01T00:00:00Z,2018-10-28T00:00:00Z
http://www.wikidata.org/entity/Q1547610,Tower of Terror II,Dreamworld,Intamin Amusement Rides Int. Corp. Est.,,115,376.4,44.69444444444444444802,1997-01-01T00:00:00Z,2019-11-03T00:00:00Z
http://www.wikidata.org/entity/Q1547610,Tower of Terror II,Dreamworld,Intamin Amusement Rides Int. Corp. Est.,,115,376.428741,44.69444444444444444802,1997-01-01T00:00:00Z,2019-11-03T00:00:00Z
http://www.wikidata.org/entity/Q1547610,Tower of Terror II,Dreamworld,Intamin Amusement Rides Int. Corp. Est.,,115.00126638,376.4,44.69444444444444444802,1997-01-01T00:00:00Z,2019-11-03T00:00:00Z
http://www.wikidata.org/entity/Q1547610,Tower of Terror II,Dreamworld,Intamin Amusement Rides Int. Corp. Est.,,115.00126638,376.428741,44.69444444444444444802,1997-01-01T00:00:00Z,2019-11-03T00:00:00Z
http://www.wikidata.org/entity/Q1547610,Tower of Terror II,Dreamworld,Intamin Amusement Rides Int. Corp. Est.,,115,376.4,44.69444444444444444802,1997-01-01T00:00:00Z,2019-11-03T00:00:00Z
http://www.wikidata.org/entity/Q1547610,Tower of Terror II,Dreamworld,Intamin Amusement Rides Int. Corp. Est.,,115,376.428741,44.69444444444444444802,1997-01-01T00:00:00Z,2019-11-03T00:00:00Z
http://www.wikidata.org/entity/Q1547610,Tower of Terror II,Dreamworld,Intamin Amusement Rides Int. Corp. Est.,,115.00126638,376.4,44.69444444444444444802,1997-01-01T00:00:00Z,2019-11-03T00:00:00Z
http://www.wikidata.org/entity/Q1547610,Tower of Terror II,Dreamworld,Intamin Amusement Rides Int. Corp. Est.,,115.00126638,376.428741,44.69444444444444444802,1997-01-01T00:00:00Z,2019-11-03T00:00:00Z
http://www.wikidata.org/entity/Q1547610,Tower of Terror II,Dreamworld,Intamin Amusement Rides Int. Corp. Est.,,115,376.4,44.69444444444444444802,1997-01-01T00:00:00Z,2019-11-03T00:00:00Z
http://www.wikidata.org/entity/Q1547610,Tower of Terror II,Dreamworld,Intamin Amusement Rides Int. Corp. Est.,,115,376.428741,44.69444444444444444802,1997-01-01T00:00:00Z,2019-11-03T00:00:00Z
http://www.wikidata.org/entity/Q1547610,Tower of Terror II,Dreamworld,Intamin Amusement Rides Int. Corp. Est.,,115.00126638,376.4,44.69444444444444444802,1997-01-01T00:00:00Z,2019-11-03T00:00:00Z
http://www.wikidata.org/entity/Q1547610,Tower of Terror II,Dreamworld,Intamin Amusement Rides Int. Corp. Est.,,115.00126638,376.428741,44.69444444444444444802,1997-01-01T00:00:00Z,2019-11-03T00:00:00Z
http://www.wikidata.org/entity/Q1547610,Tower of Terror II,Dreamworld,Intamin Amusement Rides Int. Corp. Est.,,115,376.4,44.69444444444444444802,1997-01-01T00:00:00Z,2019-11-03T00:00:00Z
http://www.wikidata.org/entity/Q1547610,Tower of Terror II,Dreamworld,Intamin Amusement Rides Int. Corp. Est.,,115,376.428741,44.69444444444444444802,1997-01-01T00:00:00Z,2019-11-03T00:00:00Z
http://www.wikidata.org/entity/Q1547610,Tower of Terror II,Dreamworld,Intamin Amusement Rides Int. Corp. Est.,,115.00126638,376.4,44.69444444444444444802,1997-01-01T00:00:00Z,2019-11-03T00:00:00Z
http://www.wikidata.org/entity/Q1547610,Tower of Terror II,Dreamworld,Intamin Amusement Rides Int. Corp. Est.,,115.00126638,376.428741,44.69444444444444444802,1997-01-01T00:00:00Z,2019-11-03T00:00:00Z
http://www.wikidata.org/entity/Q1571282,Indiana Jones et le Temple du Péril,,Intamin Amusement Rides Int. Corp. Est.,,18,600,16.1111111111111111124,1993-07-30T00:00:00Z,
http://www.wikidata.org/entity/Q1642705,Helix,Liseberg,Mack Rides GmbH & Co KG,steel,41,1381,27.77777777777777778,2014-04-26T00:00:00Z,
http://www.wikidata.org/entity/Q1642705,Helix,Liseberg,Mack Rides GmbH & Co KG,steel,41,1381,27.77777777777777778,2014-04-26T00:00:00Z,
http://www.wikidata.org/entity/Q1643510,Xpress: Platform 13,,Vekoma Rides Manufacturing B.V.,,25.8,996,25.000000000000000002,2000-04-01T00:00:00Z,
http://www.wikidata.org/entity/Q1878611,Coccinelle,Walibi Belgium,ZIERER Karussell- und Spezialmaschinenbau GmbH & Co. KG,,3.3,60.2,7.2222222222222222228,1999-01-01T00:00:00Z,2017-09-11T00:00:00Z
http://www.wikidata.org/entity/Q1888144,Mamba,Worlds of Fun,D. H. Morgan Manufacturing,,62.484123,1706.88336,33.528,1998-04-18T00:00:00Z,
http://www.wikidata.org/entity/Q1888144,Mamba,Worlds of Fun,D. H. Morgan Manufacturing,,62.484123,1706.88336,33.528,1998-04-18T00:00:00Z,
http://www.wikidata.org/entity/Q1911911,Maverick,,Intamin Amusement Rides Int. Corp. Est.,steel,32,1356.4,31.3888888888888888914,2007-05-26T00:00:00Z,
http://www.wikidata.org/entity/Q1911911,Maverick,,Intamin Amusement Rides Int. Corp. Est.,steel,32,1356.4,31.3888888888888888914,2007-05-26T00:00:00Z,
http://www.wikidata.org/entity/Q13764101,Karacho,,Gerstlauer Amusement Rides GmbH,,30,700,27.77777777777777778,2013-07-10T00:00:00Z,
http://www.wikidata.org/entity/Q14475699,Arthur,,Mack Rides GmbH & Co KG,,13.5,505,8.6111111111111111118,2014-07-01T00:00:00Z,
http://www.wikidata.org/entity/Q14674081,Banshee,,Bolliger & Mabillard,,,1256.9976744,30.39872,,
http://www.wikidata.org/entity/Q15077908,SuperSplash,Adinkerke,Mack Rides GmbH & Co KG,,24.04876734,300.01523058,18.909792,2006-04-01T00:00:00Z,
http://www.wikidata.org/entity/Q16320856,Sky Scream,,Premier Rides,,45,263,27.77777777777777778,2014-04-12T00:00:00Z,
http://www.wikidata.org/entity/Q16320856,Sky Scream,,Premier Rides,,45,263,27.77777777777777778,2014-04-12T00:00:00Z,
http://www.wikidata.org/entity/Q18011282,Toos-Express,Toverland,Vekoma Rides Manufacturing B.V.,,12,320,16.666666666666666668,2001-05-19T00:00:00Z,
http://www.wikidata.org/entity/Q18011282,Toos-Express,Toverland,Vekoma Rides Manufacturing B.V.,,12,320,16.666666666666666668,2001-05-19T00:00:00Z,
http://www.wikidata.org/entity/Q18285730,Baron 1898,Kaatsheuvel,Bolliger & Mabillard,,30,501,25.000000000000000002,2015-07-01T00:00:00Z,
http://www.wikidata.org/entity/Q18285730,Baron 1898,Efteling,Bolliger & Mabillard,,30,501,25.000000000000000002,2015-07-01T00:00:00Z,
http://www.wikidata.org/entity/Q18285730,Baron 1898,Kaatsheuvel,Bolliger & Mabillard,,30,501,25.000000000000000002,2015-07-01T00:00:00Z,
http://www.wikidata.org/entity/Q18285730,Baron 1898,Efteling,Bolliger & Mabillard,,30,501,25.000000000000000002,2015-07-01T00:00:00Z,
http://www.wikidata.org/entity/Q18631696,The Rattler,Six Flags Fiesta Texas,,,55,,32.63392,,
http://www.wikidata.org/entity/Q18631696,The Rattler,Six Flags Fiesta Texas,,,54.5593074,,32.63392,,
http://www.wikidata.org/entity/Q15727,Python,Kaatsheuvel,Arrow Dynamics,,29,750,20.833333333333333335,1981-04-12T00:00:00Z,
http://www.wikidata.org/entity/Q15727,Python,Efteling,Arrow Dynamics,,29,750,20.833333333333333335,1981-04-12T00:00:00Z,
http://www.wikidata.org/entity/Q15727,Python,Kaatsheuvel,Vekoma Rides Manufacturing B.V.,,29,750,20.833333333333333335,1981-04-12T00:00:00Z,
http://www.wikidata.org/entity/Q15727,Python,Efteling,Vekoma Rides Manufacturing B.V.,,29,750,20.833333333333333335,1981-04-12T00:00:00Z,
http://www.wikidata.org/entity/Q25002,Formula Rossa,,Intamin Amusement Rides Int. Corp. Est.,,52,2000,66.666666666666666672,2010-11-04T00:00:00Z,
http://www.wikidata.org/entity/Q25002,Formula Rossa,,Intamin Amusement Rides Int. Corp. Est.,,52,2000,66.666666666666666672,2010-11-04T00:00:00Z,
http://www.wikidata.org/entity/Q18748989,Freedom Flyer,,Vekoma Rides Manufacturing B.V.,,,395,15.288768,,
http://www.wikidata.org/entity/Q19278353,Divertical,,Intamin Amusement Rides Int. Corp. Est.,,50,,30.555555555555555558,2012-06-16T00:00:00Z,
http://www.wikidata.org/entity/Q20182768,Taron,,Intamin Amusement Rides Int. Corp. Est.,,30,1320,32.5000000000000000026,2016-06-30T00:00:00Z,
http://www.wikidata.org/entity/Q20182768,Taron,,Intamin Amusement Rides Int. Corp. Est.,,30,1320,32.5000000000000000026,2016-06-30T00:00:00Z,
http://www.wikidata.org/entity/Q20182768,Taron,,Intamin Amusement Rides Int. Corp. Est.,,30,1320,32.5000000000000000026,2016-06-30T00:00:00Z,
http://www.wikidata.org/entity/Q20736970,Junker,,,,40,860,28.8888888888888888912,2015-05-30T00:00:00Z,
http://www.wikidata.org/entity/Q21281444,Pulsar,Walibi Belgium,Mack Rides GmbH & Co KG,,45,217,28.0555555555555555578,2016-06-04T00:00:00Z,
http://www.wikidata.org/entity/Q21281444,Pulsar,Walibi Belgium,Mack Rides GmbH & Co KG,,45,217,28.0555555555555555578,2016-06-04T00:00:00Z,
http://www.wikidata.org/entity/Q21281444,Pulsar,Walibi Belgium,Mack Rides GmbH & Co KG,,45,217,28.0555555555555555578,2016-06-04T00:00:00Z,
http://www.wikidata.org/entity/Q23005729,Lost Gravity,,Mack Rides GmbH & Co KG,,32,680,24.1666666666666666686,2016-03-24T00:00:00Z,
http://www.wikidata.org/entity/Q23380916,Raik,,Vekoma Rides Manufacturing B.V.,,25,209,17.2222222222222222236,2016-06-30T00:00:00Z,
http://www.wikidata.org/entity/Q24933660,Pégase Express,,Gerstlauer Amusement Rides GmbH,,21,928,14.4444444444444444456,2017-06-11T00:00:00Z,
http://www.wikidata.org/entity/Q24933660,Pégase Express,,Gerstlauer Amusement Rides GmbH,,21,928,14.4444444444444444456,2017-06-11T00:00:00Z,
http://www.wikidata.org/entity/Q68112809,Abyssus,,Vekoma Rides Manufacturing B.V.,steel,38.5,1320,27.77777777777777778,,
http://www.wikidata.org/entity/Q74420101,TMNT Shellraiser,,Gerstlauer Amusement Rides GmbH,,43.5864858,999.98980848,27.761184,2019-10-25T00:00:00Z,
http://www.wikidata.org/entity/Q74420101,TMNT Shellraiser,,Gerstlauer Amusement Rides GmbH,,43.5864858,999.98980848,27.761184,2019-10-25T00:00:00Z,
http://www.wikidata.org/entity/Q74420101,TMNT Shellraiser,,Gerstlauer Amusement Rides GmbH,,43.5864858,999.98980848,27.761184,2019-10-25T00:00:00Z,
http://www.wikidata.org/entity/Q82516196,Hals-über-Kopf,,Vekoma Rides Manufacturing B.V.,,30,730,22.222222222222222224,2020-06-26T00:00:00Z,
http://www.wikidata.org/entity/Q82516305,Volldampf,,Vekoma Rides Manufacturing B.V.,,22,250,16.666666666666666668,2020-06-26T00:00:00Z,
http://www.wikidata.org/entity/Q96996314,The Ride to Happiness,Adinkerke,Mack Rides GmbH & Co KG,,33,920,25.000000000000000002,2021-01-01T00:00:00Z,
http://www.wikidata.org/entity/Q96996314,The Ride to Happiness,Adinkerke,Mack Rides GmbH & Co KG,,33,920,25.000000000000000002,2021-01-01T00:00:00Z,
http://www.wikidata.org/entity/Q98016144,Yukon Quad,Le Pal,Intamin Amusement Rides Int. Corp. Est.,,12,1000,25.000000000000000002,,
http://www.wikidata.org/entity/Q98016144,Yukon Quad,Le Pal,Intamin Amusement Rides Int. Corp. Est.,,12,1000,25.000000000000000002,,
http://www.wikidata.org/entity/Q99446056,F.L.Y.,Phantasialand,Vekoma Rides Manufacturing B.V.,,19.5,1234,21.6666666666666666684,,
http://www.wikidata.org/entity/Q99509434,Toutatis,Parc Astérix,Intamin Amusement Rides Int. Corp. Est.,,51,1075,29.7222222222222222246,2023-04-08T00:00:00Z,
http://www.wikidata.org/entity/Q99509434,Toutatis,Parc Astérix,Intamin Amusement Rides Int. Corp. Est.,,51,1075,29.7222222222222222246,2023-04-08T00:00:00Z,
http://www.wikidata.org/entity/Q104119107,Kondaa,Walibi Belgium,Intamin Amusement Rides Int. Corp. Est.,steel,50,1200,31.3888888888888888914,,
http://www.wikidata.org/entity/Q116820068,Mandrill Mayhem,,Bolliger & Mabillard,,20,380,20.0000000000000000016,,
http://www.wikidata.org/entity/Q116820068,Mandrill Mayhem,,Bolliger & Mabillard,,20,380,20.0000000000000000016,,
http://www.wikidata.org/entity/Q116820068,Mandrill Mayhem,,Bolliger & Mabillard,,20,380,20.0000000000000000016,,
http://www.wikidata.org/entity/Q116820068,Mandrill Mayhem,,Bolliger & Mabillard,,20,380,20.0000000000000000016,,
http://www.wikidata.org/entity/Q117303626,Maximus – Der Flug des Wächters,Legoland Deutschland,Bolliger & Mabillard,,17,457,15.0000000000000000012,2023-03-25T00:00:00Z,
http://www.wikidata.org/entity/Q121359119,Voltron Nevera,Europa-Park,Mack Rides GmbH & Co KG,,32.5,1385,27.77777777777777778,2024-04-26T00:00:00Z,
http://www.wikidata.org/entity/Q121359119,Voltron Nevera,Europa-Park,Mack Rides GmbH & Co KG,,32.5,1385,27.77777777777777778,2024-04-26T00:00:00Z,
http://www.wikidata.org/entity/Q122459760,Eat my Dust,Biddinghuizen,Antonio Zamperla S.p.A,,11.8,200,11.111111111111111112,2023-04-07T00:00:00Z,
http://www.wikidata.org/entity/Q123010677,Q123010677,Selva Mágica,,,8,360,10.0000000000000000008,,
http://www.wikidata.org/entity/Q124540460,Stardust Racers,Universal Epic Universe,Mack Rides GmbH & Co KG,,40.5384798,,27.71648,2025-05-22T00:00:00Z,
http://www.wikidata.org/entity/Q124540460,Stardust Racers,Universal Epic Universe,Mack Rides GmbH & Co KG,,40.5384798,,27.71648,2025-05-22T00:00:00Z,
http://www.wikidata.org/entity/Q130492765,Drachenjagd,,Gerstlauer Amusement Rides GmbH,,5.5,150,9.1666666666666666674,2003-06-01T00:00:00Z,
http://www.wikidata.org/entity/Q131354342,Big Thunder Mountain,,Vekoma Rides Manufacturing B.V.,,22,1205,18.055555555555555557,1992-04-12T00:00:00Z,
http://www.wikidata.org/entity/Q131686270,Falcons Flight,Qiddiya,Intamin Amusement Rides Int. Corp. Est.,,163,,69.44444444444444445,2025-12-01T00:00:00Z,
http://www.wikidata.org/entity/Q133460330,YoY,,Rocky Mountain Construction,,29,655,22.7777777777777777796,2025-04-05T00:00:00Z,
http://www.wikidata.org/entity/Q133460330,YoY,,Rocky Mountain Construction,,29,655,22.222222222222222224,2025-04-05T00:00:00Z,
http://www.wikidata.org/entity/Q133460330,YoY,,Rocky Mountain Construction,,29,655,22.7777777777777777796,2025-04-05T00:00:00Z,
http://www.wikidata.org/entity/Q133460330,YoY,,Rocky Mountain Construction,,29,655,22.222222222222222224,2025-04-05T00:00:00Z,
http://www.wikidata.org/entity/Q133820264,Mecalodon,Walibi Belgium,Gerstlauer Amusement Rides GmbH,,15,925.1,18.055555555555555557,2025-04-05T00:00:00Z,
http://www.wikidata.org/entity/Q135790425,Cétautomatix,,Gerstlauer Amusement Rides GmbH,,14,420,12.500000000000000001,2025-08-18T00:00:00Z,
http://www.wikidata.org/entity/Q135790425,Cétautomatix,,Gerstlauer Amusement Rides GmbH,,14,420,12.500000000000000001,2025-08-18T00:00:00Z,
http://www.wikidata.org/entity/Q137709870,Rasender Tausendfüßler,,ZIERER Karussell- und Spezialmaschinenbau GmbH & Co. KG,,8,360,10.0000000000000000008,1986-01-01T00:00:00Z,
http://www.wikidata.org/entity/Q140129284,100% Wolf,,Gerstlauer Amusement Rides GmbH,,17.5,645,15.277777777777777779,2026-03-22T00:00:00Z,
http://www.wikidata.org/entity/Q140198975,Casey Jr – Le Petit Train du Cirque,,Vekoma Rides Manufacturing B.V.,,3,300,12.500000000000000001,1994-03-20T00:00:00Z,
http://www.wikidata.org/entity/Q140199236,Avengers Assemble: Flight Force,Disney Adventure World,Vekoma Rides Manufacturing B.V.,,24,996,25.47222222222222222426,2002-03-16T00:00:00Z,
http://www.wikidata.org/entity/Q140337447,Feuerdrache,,ZIERER Karussell- und Spezialmaschinenbau GmbH & Co. KG,,16,450,15.6944444444444444457,2002-01-01T00:00:00Z,
http://www.wikidata.org/entity/Q140337447,Feuerdrache,,ZIERER Karussell- und Spezialmaschinenbau GmbH & Co. KG,,16,450,15.6944444444444444457,2002-01-01T00:00:00Z,
http://www.wikidata.org/entity/Q140363359,RC Racer,Disney Adventure World,Intamin Amusement Rides Int. Corp. Est.,,25,82,22.222222222222222224,2010-08-17T00:00:00Z,
http://www.wikidata.org/entity/Q683601,Kraken Unleashed,SeaWorld Orlando,Bolliger & Mabillard,,,,,2000-06-01T00:00:00Z,
http://www.wikidata.org/entity/Q688731,Batman – The Dark Knight,,Bolliger & Mabillard,,,,,,
http://www.wikidata.org/entity/Q688731,Batman – The Dark Knight,,Bolliger & Mabillard,,,,,,
http://www.wikidata.org/entity/Q688767,Superman: Krypton Coaster,Six Flags Fiesta Texas,Bolliger & Mabillard,,,,,,
http://www.wikidata.org/entity/Q688778,Goliath,,Bolliger & Mabillard,,,,,,
http://www.wikidata.org/entity/Q689029,Great American Scream Machine,,Philadelphia Toboggan Coasters,,,,,,
http://www.wikidata.org/entity/Q689054,Goliath,,Bolliger & Mabillard,,,,,,
http://www.wikidata.org/entity/Q689054,Goliath,,Bolliger & Mabillard,,,,,,
http://www.wikidata.org/entity/Q689070,The Wild One,Six Flags America,Dinn Corporation,,,,,,
http://www.wikidata.org/entity/Q689084,Shaman,Gardaland,Vekoma Rides Manufacturing B.V.,,30,,,,
http://www.wikidata.org/entity/Q689340,Vortex,,Arrow Dynamics,,,,,,
http://www.wikidata.org/entity/Q689345,Dragon Mountain,,Arrow Dynamics,,,,,,
http://www.wikidata.org/entity/Q690302,Vilda Musen,Gröna Lund,Gerstlauer Amusement Rides GmbH,,,,,2003-04-18T00:00:00Z,
http://www.wikidata.org/entity/Q690302,Vilda Musen,Gröna Lund,Gerstlauer Amusement Rides GmbH,,,,,2003-04-18T00:00:00Z,
http://www.wikidata.org/entity/Q693862,Green Lantern,Six Flags Great Adventure,Bolliger & Mabillard,,,,,,2024-11-10T00:00:00Z
http://www.wikidata.org/entity/Q730914,Q730914,,Intamin Amusement Rides Int. Corp. Est.,,,1081,,1998-01-01T00:00:00Z,
http://www.wikidata.org/entity/Q740173,Montu,,Bolliger & Mabillard,,,,,,
http://www.wikidata.org/entity/Q742732,Thunderbird,,Great Coasters International,,,,,,
http://www.wikidata.org/entity/Q751483,La Vibora,,Intamin Amusement Rides Int. Corp. Est.,,,,,,
http://www.wikidata.org/entity/Q751483,La Vibora,,Intamin Amusement Rides Int. Corp. Est.,,,,,,
http://www.wikidata.org/entity/Q756682,Atlantis Adventure,,,,,,,,
http://www.wikidata.org/entity/Q761833,Corkscrew,,Arrow Dynamics,,,,,,
http://www.wikidata.org/entity/Q764887,Medusa,,Bolliger & Mabillard,,,,,,
http://www.wikidata.org/entity/Q764887,Medusa,,Bolliger & Mabillard,,,,,,
http://www.wikidata.org/entity/Q765634,Hades 360,,The Gravity Group,,,,,,
http://www.wikidata.org/entity/Q771363,Switchback Railway,,,,,,,,
http://www.wikidata.org/entity/Q777291,Steel Dragon 2000,,D. H. Morgan Manufacturing,,,,,,
http://www.wikidata.org/entity/Q777291,Steel Dragon 2000,,D. H. Morgan Manufacturing,,,,,,
http://www.wikidata.org/entity/Q783549,Revolution,,Arrow Development,,,,,,
http://www.wikidata.org/entity/Q783549,Revolution,,Arrow Development,,,,,,
http://www.wikidata.org/entity/Q787487,Sierra Tonante,,,,,,,,
http://www.wikidata.org/entity/Q787635,Thundercoaster,Tusenfryd,,,,,,,
http://www.wikidata.org/entity/Q788077,Fujiyama,,TOGO,,,,,,
http://www.wikidata.org/entity/Q788077,Fujiyama,,TOGO,,,,,,
http://www.wikidata.org/entity/Q798461,Backlot Stunt Coaster,,Premier Rides,,,,,,
http://www.wikidata.org/entity/Q806326,Bandit,Yomiuriland,TOGO,,,,,,
http://www.wikidata.org/entity/Q811022,Battlestar Galactica,Universal Studios Singapore,,,,,,,
http://www.wikidata.org/entity/Q822344,Hollywood Dream – The Ride,Universal Studios Japan,Bolliger & Mabillard,,,,,,
http://www.wikidata.org/entity/Q824821,Screamin' Eagle,,Philadelphia Toboggan Coasters,,,,,,
http://www.wikidata.org/entity/Q826735,Kirnu,Linnanmäki,Intamin Amusement Rides Int. Corp. Est.,,,,,2007-04-27T00:00:00Z,
http://www.wikidata.org/entity/Q826800,The Joker's Jinx,Six Flags America,Premier Rides,,,,,,
http://www.wikidata.org/entity/Q826969,Titan,,Giovanola,,74.676147,1619.1007872,,,
http://www.wikidata.org/entity/Q826969,Titan,,Giovanola,,74.676147,1619.1007872,,,
http://www.wikidata.org/entity/Q833115,Desert Race,,,,,,,,
http://www.wikidata.org/entity/Q836592,Iron Dragon,,Arrow Dynamics,steel,,,,1987-06-11T00:00:00Z,
http://www.wikidata.org/entity/Q836592,Iron Dragon,,Arrow Dynamics,steel,,,,1987-06-11T00:00:00Z,
http://www.wikidata.org/entity/Q836926,Jetline,Gröna Lund,ZIERER Karussell- und Spezialmaschinenbau GmbH & Co. KG,steel,,,,1988-04-23T00:00:00Z,2024-06-14T00:00:00Z
http://www.wikidata.org/entity/Q839200,Superman – Ride of Steel,,Intamin Amusement Rides Int. Corp. Est.,,,,,,
http://www.wikidata.org/entity/Q839200,Superman – Ride of Steel,,Intamin Amusement Rides Int. Corp. Est.,,,,,,
http://www.wikidata.org/entity/Q839404,Bizarro,,Intamin Amusement Rides Int. Corp. Est.,,,,,,
http://www.wikidata.org/entity/Q839404,Bizarro,,Intamin Amusement Rides Int. Corp. Est.,,,,,,
http://www.wikidata.org/entity/Q841577,The Racer,,,,,,,,
http://www.wikidata.org/entity/Q845812,Thunder Dolphin,Tokyo Dome City,Intamin Amusement Rides Int. Corp. Est.,,,,,,
http://www.wikidata.org/entity/Q845812,Thunder Dolphin,Tokyo Dome City,Intamin Amusement Rides Int. Corp. Est.,,,,,,
http://www.wikidata.org/entity/Q846024,The Flash: Vertical Velocity,,Intamin Amusement Rides Int. Corp. Est.,,,,,,
http://www.wikidata.org/entity/Q847155,Olympia Looping,,Maurer Söhne,,,,,,
http://www.wikidata.org/entity/Q858766,Big Dipper,Geauga Lake,,,,,,,
http://www.wikidata.org/entity/Q859001,Big Loop,,,,,,,,
http://www.wikidata.org/entity/Q859406,Big Thunder Mountain Railroad,,,,,,,,
http://www.wikidata.org/entity/Q880298,Black Hole,Alton Towers,Anton Schwarzkopf,,,,,,
http://www.wikidata.org/entity/Q885702,Blue Flyer,Pleasure Beach Resort,,,,,,,
http://www.wikidata.org/entity/Q885896,Blue Streak,,,,,,,,
http://www.wikidata.org/entity/Q885897,Blue Streak,,Philadelphia Toboggan Coasters,wood,,,,1964-05-23T00:00:00Z,
http://www.wikidata.org/entity/Q888394,Bobbaan,Kaatsheuvel,Intamin Amusement Rides Int. Corp. Est.,,,,,,2019-09-01T00:00:00Z
http://www.wikidata.org/entity/Q888394,Bobbaan,Efteling,Intamin Amusement Rides Int. Corp. Est.,,,,,,2019-09-01T00:00:00Z
http://www.wikidata.org/entity/Q888394,Bobbaan,Kaatsheuvel,Intamin Amusement Rides Int. Corp. Est.,,,,,,2019-09-01T00:00:00Z
http://www.wikidata.org/entity/Q888394,Bobbaan,Efteling,Intamin Amusement Rides Int. Corp. Est.,,,,,,2019-09-01T00:00:00Z
http://www.wikidata.org/entity/Q906039,Ninja,Six Flags Magic Mountain,Arrow Dynamics,,,,,,
http://www.wikidata.org/entity/Q906447,Lightning Racer,Hersheypark,Great Coasters International,,,,,,
http://www.wikidata.org/entity/Q906447,Lightning Racer,Hersheypark,Great Coasters International,,,,,,
http://www.wikidata.org/entity/Q910221,Judge Roy Scream,,,,,,,,
http://www.wikidata.org/entity/Q910249,Georgia Scorcher,,Bolliger & Mabillard,,,,,,
http://www.wikidata.org/entity/Q911384,Spinball Whizzer,,Maurer Söhne,,,,,,
http://www.wikidata.org/entity/Q916932,Superman: Ultimate Flight,,Bolliger & Mabillard,,,,,,
http://www.wikidata.org/entity/Q917073,Daidarasaurus,Expoland,Sansei Technologies,,,,,,
http://www.wikidata.org/entity/Q917156,Viper,,Six Flags,,,,,,
http://www.wikidata.org/entity/Q917240,Journey to Atlantis,,Mack Rides GmbH & Co KG,,,,,,
http://www.wikidata.org/entity/Q917240,Journey to Atlantis,,Mack Rides GmbH & Co KG,,,,,,
http://www.wikidata.org/entity/Q917245,The Riddler Mindbender,,,,,,,,
http://www.wikidata.org/entity/Q917792,White Cyclone,,Intamin Amusement Rides Int. Corp. Est.,,,,,,
http://www.wikidata.org/entity/Q922374,Diamondback,,Bolliger & Mabillard,,,,,,
http://www.wikidata.org/entity/Q922374,Diamondback,,Bolliger & Mabillard,,,,,,
http://www.wikidata.org/entity/Q928467,Iron Rattler,Six Flags Fiesta Texas,Rocky Mountain Construction,,,,,,
http://www.wikidata.org/entity/Q934045,Mindbender,,,,,,,,
http://www.wikidata.org/entity/Q934045,Mindbender,,,,,,,,
http://www.wikidata.org/entity/Q940233,Manta,SeaWorld Orlando,Bolliger & Mabillard,,,,,2009-05-22T00:00:00Z,
http://www.wikidata.org/entity/Q951111,Racer,Kennywood,,,,,,,
http://www.wikidata.org/entity/Q951359,Dominator,,Bolliger & Mabillard,,,,,,
http://www.wikidata.org/entity/Q951359,Dominator,,Bolliger & Mabillard,,,,,,
http://www.wikidata.org/entity/Q951739,Insane,Gröna Lund,Intamin Amusement Rides Int. Corp. Est.,,,,,2009-04-25T00:00:00Z,
http://www.wikidata.org/entity/Q952128,Mumbo Jumbo,Flamingo Land Resort,S&S Worldwide,,,,,,
http://www.wikidata.org/entity/Q952700,Shock Wave,,,,,,,,
http://www.wikidata.org/entity/Q954290,Skull Mountain,Six Flags Great Adventure,Intamin Amusement Rides Int. Corp. Est.,,,,,,
http://www.wikidata.org/entity/Q954833,Pantherian,,Intamin Amusement Rides Int. Corp. Est.,,,,,,
http://www.wikidata.org/entity/Q954833,Pantherian,,Intamin Amusement Rides Int. Corp. Est.,,,,,,
http://www.wikidata.org/entity/Q955517,Stunt Fall,Parque Warner Madrid,,,,,,,
http://www.wikidata.org/entity/Q962319,Sequoia Magic Loop,Gardaland,S&S Worldwide,,,,,2005-04-30T00:00:00Z,
http://www.wikidata.org/entity/Q966471,Iron Gwazi,Busch Gardens Tampa,Rocky Mountain Construction,,,,,2022-03-11T00:00:00Z,
http://www.wikidata.org/entity/Q971592,Storm Chaser,Kentucky Kingdom,Rocky Mountain Construction,,,,,,
http://www.wikidata.org/entity/Q997720,Kentucky Rumbler,,Great Coasters International,,,,,,
http://www.wikidata.org/entity/Q75060,Dragon Challenge,Universal's Islands of Adventure,Bolliger & Mabillard,,,,,,
http://www.wikidata.org/entity/Q125661,Formule X,,Maurer Söhne,,,,,,
http://www.wikidata.org/entity/Q130266,The Riddler's Revenge,Six Flags Magic Mountain,Bolliger & Mabillard,,,,,,
http://www.wikidata.org/entity/Q166765,Leviathan,,Bolliger & Mabillard,,,,,,
http://www.wikidata.org/entity/Q166765,Leviathan,,Bolliger & Mabillard,,,,,,
http://www.wikidata.org/entity/Q167509,Batman & Robin: The Chiller,,,,,,,,
http://www.wikidata.org/entity/Q179712,Dream Catcher,Lichtaart,Vekoma Rides Manufacturing B.V.,,,,,,
http://www.wikidata.org/entity/Q195446,Thirteen,Alton Towers,Intamin Amusement Rides Int. Corp. Est.,,,,,,
http://www.wikidata.org/entity/Q195446,Thirteen,Alton Towers,Intamin Amusement Rides Int. Corp. Est.,,,,,,
http://www.wikidata.org/entity/Q197013,Zeus,,Custom Coasters International,,,,,,
http://www.wikidata.org/entity/Q201844,Wicked,,ZIERER Karussell- und Spezialmaschinenbau GmbH & Co. KG,,,,,,
http://www.wikidata.org/entity/Q201844,Wicked,,ZIERER Karussell- und Spezialmaschinenbau GmbH & Co. KG,,,,,,
http://www.wikidata.org/entity/Q202493,Fahrenheit,,Intamin Amusement Rides Int. Corp. Est.,,,,,,
http://www.wikidata.org/entity/Q258188,Superman Escape,Warner Bros. Movie World,Intamin Amusement Rides Int. Corp. Est.,,,,,,
http://www.wikidata.org/entity/Q259175,"Volcano, The Blast Coaster",,Intamin Amusement Rides Int. Corp. Est.,,,,,,
http://www.wikidata.org/entity/Q265399,Ring°racer,,S&S Worldwide,,,,,,
http://www.wikidata.org/entity/Q265733,Big Dipper,,,,,,,,
http://www.wikidata.org/entity/Q267353,Raging Spirits,Tokyo DisneySea,Intamin Amusement Rides Int. Corp. Est.,,,,,,
http://www.wikidata.org/entity/Q287855,Colossus,Thorpe Park,Intamin Amusement Rides Int. Corp. Est.,,29.99237904,846.94942722,,,
http://www.wikidata.org/entity/Q291124,Krake,,Bolliger & Mabillard,,,,,,
http://www.wikidata.org/entity/Q291124,Krake,,Bolliger & Mabillard,,,,,,
http://www.wikidata.org/entity/Q320094,Bandit,,Roller Coaster Corporation of America,,,,,,
http://www.wikidata.org/entity/Q321477,Abismo,,Maurer Söhne,,,,,2006-06-27T00:00:00Z,
http://www.wikidata.org/entity/Q338421,Raptor,Gardaland,Bolliger & Mabillard,,33,,,2011-04-01T00:00:00Z,
http://www.wikidata.org/entity/Q338945,Avalanche,,Mack Rides GmbH & Co KG,,,,,,
http://www.wikidata.org/entity/Q338945,Avalanche,,Mack Rides GmbH & Co KG,,,,,,
http://www.wikidata.org/entity/Q376984,Scorpion,,,,,,,,
http://www.wikidata.org/entity/Q379935,Adventure Express,,Arrow Dynamics,,,,,1991-04-13T00:00:00Z,
http://www.wikidata.org/entity/Q387867,El Diablo,,,,,,,,
http://www.wikidata.org/entity/Q389146,Afterburn,,Bolliger & Mabillard,,,,,,
http://www.wikidata.org/entity/Q391332,Shambhala (roller coaster),,Bolliger & Mabillard,,,,,,
http://www.wikidata.org/entity/Q391332,Shambhala (roller coaster),,Bolliger & Mabillard,,,,,,
http://www.wikidata.org/entity/Q406696,Galactica,,Bolliger & Mabillard,steel,,,,,
http://www.wikidata.org/entity/Q406696,Galactica,,Bolliger & Mabillard,steel,,,,,
http://www.wikidata.org/entity/Q449158,Balder,Liseberg,Intamin Amusement Rides Int. Corp. Est.,,,,,2003-04-12T00:00:00Z,
http://www.wikidata.org/entity/Q449936,Colossos - Kampf der Giganten,,Intamin Amusement Rides Int. Corp. Est.,,,,,,
http://www.wikidata.org/entity/Q464043,American Eagle,,,,,,,,
http://www.wikidata.org/entity/Q467059,American Thunder,Mid America Adventure,Great Coasters International,,,,,,
http://www.wikidata.org/entity/Q483513,Anaconda roller coaster,,,,,,,,
http://www.wikidata.org/entity/Q483518,Anaconda,,Arrow Dynamics,,,,,,
http://www.wikidata.org/entity/Q483545,Anaconda,Walygator Grand-Est,,,,,,1989-05-09T00:00:00Z,
http://www.wikidata.org/entity/Q494679,T Express,,Intamin Amusement Rides Int. Corp. Est.,,56.02,1641,,2008-03-24T00:00:00Z,
http://www.wikidata.org/entity/Q510289,Goliath,,Giovanola,,,,,,
http://www.wikidata.org/entity/Q510289,Goliath,,Giovanola,,,,,,
http://www.wikidata.org/entity/Q523479,Crystal Beach Cyclone,,,,,,,,
http://www.wikidata.org/entity/Q546991,Kanonen,Liseberg,Intamin Amusement Rides Int. Corp. Est.,,,,,2005-04-23T00:00:00Z,2016-12-30T00:00:00Z
http://www.wikidata.org/entity/Q549739,Big Grizzly Mountain Runaway Mine Cars,Hong Kong Disneyland,Vekoma Rides Manufacturing B.V.,,,,,,
http://www.wikidata.org/entity/Q570734,Corkscrew,,Arrow Dynamics,,,,,,
http://www.wikidata.org/entity/Q571581,Jet Rescue,Sea World,Intamin Amusement Rides Int. Corp. Est.,,,,,,
http://www.wikidata.org/entity/Q574000,Firehawk,,Vekoma Rides Manufacturing B.V.,,,,,,
http://www.wikidata.org/entity/Q574466,Orient Express,Worlds of Fun,Arrow Development,,,,,1980-04-04T00:00:00Z,2003-10-26T00:00:00Z
http://www.wikidata.org/entity/Q581586,Batwing,Six Flags America,Vekoma Rides Manufacturing B.V.,,,,,,
http://www.wikidata.org/entity/Q583463,The Dark Knight Coaster,,Mack Rides GmbH & Co KG,,,,,,
http://www.wikidata.org/entity/Q590020,Big Bad Wolf,,Arrow Dynamics,,,,,,
http://www.wikidata.org/entity/Q596922,GateKeeper,,Bolliger & Mabillard,steel,,,,2013-05-11T00:00:00Z,
http://www.wikidata.org/entity/Q601002,Pyrenees,Parque España-Shima Spain Village,Bolliger & Mabillard,,,,,1997-01-01T00:00:00Z,
http://www.wikidata.org/entity/Q603039,Piraten,Djurs Sommerland,Intamin Amusement Rides Int. Corp. Est.,,30.99822102,754.9910862,,2008-05-01T00:00:00Z,
http://www.wikidata.org/entity/Q610105,The Joker,Six Flags México,Gerstlauer Amusement Rides GmbH,,,,,2013-03-07T00:00:00Z,
http://www.wikidata.org/entity/Q612257,Anubis: The Ride,,,,,,,,
http://www.wikidata.org/entity/Q617199,Superman el Último Escape,Six Flags México,Chance Morgan,,,,,,
http://www.wikidata.org/entity/Q617199,Superman el Último Escape,Six Flags México,Chance Morgan,,,,,,
http://www.wikidata.org/entity/Q618765,Apocalypse,Six Flags America,Bolliger & Mabillard,,,,,,
http://www.wikidata.org/entity/Q618765,Apocalypse,Six Flags America,Bolliger & Mabillard,,,,,,
http://www.wikidata.org/entity/Q618766,Apocalypse,,Great Coasters International,,,,,,
http://www.wikidata.org/entity/Q619527,Apollo's Chariot,Busch Gardens Williamsburg,Bolliger & Mabillard,,,,,,
http://www.wikidata.org/entity/Q636491,Schweizer Bobbahn,Heide Park,,,,,,,
http://www.wikidata.org/entity/Q642425,Batman: The Ride,,Bolliger & Mabillard,,,,,,
http://www.wikidata.org/entity/Q642425,Batman: The Ride,,Bolliger & Mabillard,,,,,,
http://www.wikidata.org/entity/Q654876,Alpine Bobsled,,Intamin Amusement Rides Int. Corp. Est.,,,,,,
http://www.wikidata.org/entity/Q654876,Alpine Bobsled,,Intamin Amusement Rides Int. Corp. Est.,,,,,,
http://www.wikidata.org/entity/Q662032,SheiKra,,Bolliger & Mabillard,,,,,,
http://www.wikidata.org/entity/Q662312,Behemoth,,Bolliger & Mabillard,,70.104138,1620.9295908,,,
http://www.wikidata.org/entity/Q662312,Behemoth,,Bolliger & Mabillard,,70.104138,1620.9295908,,,
http://www.wikidata.org/entity/Q662497,Nitro,,Bolliger & Mabillard,,,,,,
http://www.wikidata.org/entity/Q662497,Nitro,,Bolliger & Mabillard,,,,,,
http://www.wikidata.org/entity/Q663415,Dragon Khan,,Bolliger & Mabillard,,45,1285,,,
http://www.wikidata.org/entity/Q664237,The Beast,,,,,,,,
http://www.wikidata.org/entity/Q666094,Canobie Corkscrew,Canobie Lake Park,Arrow Dynamics,,,,,,
http://www.wikidata.org/entity/Q666461,Phantom's Revenge,,D. H. Morgan Manufacturing,,,,,,
http://www.wikidata.org/entity/Q666461,Phantom's Revenge,,Arrow Dynamics,,,,,,
http://www.wikidata.org/entity/Q667624,Superman: La Atracción de Acero,,Bolliger & Mabillard,,,,,,
http://www.wikidata.org/entity/Q667635,Scenic Railway Roller Coaster,,,,,,,,
http://www.wikidata.org/entity/Q673114,Arkansas Twister,Magic Springs and Crystal Falls,,,,,,,
http://www.wikidata.org/entity/Q674369,Pegasus,Kaatsheuvel,Dinn Corporation,,,,,,
http://www.wikidata.org/entity/Q674369,Pegasus,Efteling,Dinn Corporation,,,,,,
http://www.wikidata.org/entity/Q674369,Pegasus,Kaatsheuvel,Intamin Amusement Rides Int. Corp. Est.,,,,,,
http://www.wikidata.org/entity/Q674369,Pegasus,Efteling,Intamin Amusement Rides Int. Corp. Est.,,,,,,
http://www.wikidata.org/entity/Q674382,Scream!,,Bolliger & Mabillard,,,,,,
http://www.wikidata.org/entity/Q674404,Superman: Escape from Krypton,,,,126.492249,376.428741,,,
http://www.wikidata.org/entity/Q674404,Superman: Escape from Krypton,,,,126.492249,376.428741,,,
http://www.wikidata.org/entity/Q674404,Superman: Escape from Krypton,,,,126.492249,376.428741,,,
http://www.wikidata.org/entity/Q674404,Superman: Escape from Krypton,,,,126.492249,376.428741,,,
http://www.wikidata.org/entity/Q677430,Viper,Six Flags Magic Mountain,Arrow Dynamics,,,,,,
http://www.wikidata.org/entity/Q677477,Colossus,,,,,,,,
http://www.wikidata.org/entity/Q677558,Coney Island Cyclone,Coney Island,,,,,,,
http://www.wikidata.org/entity/Q679029,Kumba,Busch Gardens Tampa,Bolliger & Mabillard,,,,,,
http://www.wikidata.org/entity/Q679065,Poltergeist,,Premier Rides,,,,,,
http://www.wikidata.org/entity/Q681716,Boardwalk Bullet,Kemah Boardwalk,Martin & Vleminckx,,,,,,
http://www.wikidata.org/entity/Q683300,Raptor,,Bolliger & Mabillard,steel,,,,1994-05-07T00:00:00Z,
http://www.wikidata.org/entity/Q683300,Raptor,,Bolliger & Mabillard,steel,,,,1994-05-07T00:00:00Z,
http://www.wikidata.org/entity/Q2290037,Q2290037,,,,,,,,
http://www.wikidata.org/entity/Q2293407,Skyrush,Hersheypark,Intamin Amusement Rides Int. Corp. Est.,,,,,,
http://www.wikidata.org/entity/Q2293407,Skyrush,Hersheypark,Intamin Amusement Rides Int. Corp. Est.,,,,,,
http://www.wikidata.org/entity/Q2299311,Q2299311,,,,,,,,
http://www.wikidata.org/entity/Q2302588,SooperDooperLooper,Hersheypark,Anton Schwarzkopf,,,,,,
http://www.wikidata.org/entity/Q2306317,Space Mountain,Magic Kingdom,Dynamic Structures,,,,,,
http://www.wikidata.org/entity/Q2310545,Lil' Thunder,,,,,,,,
http://www.wikidata.org/entity/Q2314615,Nightmare at Crack Axle Canyon,,Anton Schwarzkopf,,,,,,
http://www.wikidata.org/entity/Q2314766,Q2314766,,,,,,,,
http://www.wikidata.org/entity/Q2327873,Gotham City Gauntlet: Escape from Arkham Asylum,Maurer Söhne,Maurer Söhne,,,,,,
http://www.wikidata.org/entity/Q2332044,Q2332044,,,,,,,,
http://www.wikidata.org/entity/Q2333157,Sky Scrapper,World Joyland,Bolliger & Mabillard,,,,,,
http://www.wikidata.org/entity/Q2335312,Stealth,Thorpe Park,Intamin Amusement Rides Int. Corp. Est.,,62.51460306,399.98982738,,,
http://www.wikidata.org/entity/Q2335312,Stealth,Thorpe Park,Intamin Amusement Rides Int. Corp. Est.,,62.51460306,399.98982738,,,
http://www.wikidata.org/entity/Q2335777,Steel Force,Dorney Park & Wildwater Kingdom,D. H. Morgan Manufacturing,,,,,,
http://www.wikidata.org/entity/Q2335777,Steel Force,Dorney Park & Wildwater Kingdom,D. H. Morgan Manufacturing,,,,,,
http://www.wikidata.org/entity/Q2335791,Steel Venom,,Intamin Amusement Rides Int. Corp. Est.,,,,,,
http://www.wikidata.org/entity/Q2351191,The Jester,,Vekoma Rides Manufacturing B.V.,,,,,,
http://www.wikidata.org/entity/Q2354710,Q2354710,,,,,,,,
http://www.wikidata.org/entity/Q2368055,Q2368055,,,,,,,,
http://www.wikidata.org/entity/Q2368124,Super Wirbel,,,,,,,,
http://www.wikidata.org/entity/Q2369718,Q2369718,,,,,,,,
http://www.wikidata.org/entity/Q2379803,Vipère (roller coaster),,Intamin Amusement Rides Int. Corp. Est.,,,,,,
http://www.wikidata.org/entity/Q2390682,Talon,Dorney Park & Wildwater Kingdom,Bolliger & Mabillard,,,,,,
http://www.wikidata.org/entity/Q2390682,Talon,Dorney Park & Wildwater Kingdom,Bolliger & Mabillard,,,,,,
http://www.wikidata.org/entity/Q2403629,Tennessee Tornado,Dollywood,Arrow Dynamics,,,,,1999-04-17T00:00:00Z,
http://www.wikidata.org/entity/Q2406501,Q2406501,,,,,,,,
http://www.wikidata.org/entity/Q2410399,The Comet,Great Escape,Philadelphia Toboggan Coasters,,,,,,
http://www.wikidata.org/entity/Q2410948,Q2410948,,,,,,,,
http://www.wikidata.org/entity/Q2411758,The Great White,,Custom Coasters International,,,,,,
http://www.wikidata.org/entity/Q2412446,The Legend,,Custom Coasters International,,,,,,
http://www.wikidata.org/entity/Q2413721,The Raven,,Custom Coasters International,,,,,,
http://www.wikidata.org/entity/Q2414672,Time Machine,,,,,,,,
http://www.wikidata.org/entity/Q2415004,The Voyage,,The Gravity Group,,,,,,
http://www.wikidata.org/entity/Q2429902,Thunderhawk,Dorney Park & Wildwater Kingdom,Philadelphia Toboggan Coasters,,,,,,
http://www.wikidata.org/entity/Q2434462,Timber Wolf,Worlds of Fun,Dinn Corporation,,,,,1989-04-01T00:00:00Z,
http://www.wikidata.org/entity/Q2438163,Iron Claw,,Vekoma Rides Manufacturing B.V.,,,,,,
http://www.wikidata.org/entity/Q2444215,Tornado,,Intamin Amusement Rides Int. Corp. Est.,,,,,,
http://www.wikidata.org/entity/Q2446903,Tower of Terror,,,,,,,,
http://www.wikidata.org/entity/Q2451377,Tremors,,Custom Coasters International,,,,,,
http://www.wikidata.org/entity/Q2457792,Q2457792,,,,,,,,
http://www.wikidata.org/entity/Q2462356,Twister,,,,,,,,
http://www.wikidata.org/entity/Q2462361,Twister,Gröna Lund,,,,,,2011-05-01T00:00:00Z,
http://www.wikidata.org/entity/Q2463204,Typhoon,Lichtaart,Gerstlauer Amusement Rides GmbH,,,,,,
http://www.wikidata.org/entity/Q2492679,Dahlonega Mine Train,,Arrow Dynamics,,,,,,
http://www.wikidata.org/entity/Q2495883,Tom y Jerry,,ZIERER Karussell- und Spezialmaschinenbau GmbH & Co. KG,,,,,,
http://www.wikidata.org/entity/Q2505886,Q2505886,,,,,,,,
http://www.wikidata.org/entity/Q2509682,Vampire,,Arrow Dynamics,,,,,,
http://www.wikidata.org/entity/Q2510025,Big Fury,Six Flags Great Adventure,,,,,,,
http://www.wikidata.org/entity/Q2513388,Q2513388,,,,,,,,
http://www.wikidata.org/entity/Q2514928,Q2514928,,,,,,,,
http://www.wikidata.org/entity/Q2518728,Vertigorama,,,,,,,,
http://www.wikidata.org/entity/Q2522445,Tornado,,,,,,,,
http://www.wikidata.org/entity/Q2526040,Villain,,Custom Coasters International,,,,,,
http://www.wikidata.org/entity/Q2527551,Viper,Six Flags Darien Lake,Arrow Dynamics,,,,,,
http://www.wikidata.org/entity/Q2527563,Viper,,TOGO,,,,,,
http://www.wikidata.org/entity/Q2534596,Vortex,,Arrow Dynamics,,,,,,
http://www.wikidata.org/entity/Q2534605,Patriot,California's Great America,Bolliger & Mabillard,,,,,,
http://www.wikidata.org/entity/Q2534606,Vortex,Carowinds,Bolliger & Mabillard,,,,,,
http://www.wikidata.org/entity/Q2534606,Vortex,Carowinds,Bolliger & Mabillard,,,,,,
http://www.wikidata.org/entity/Q2544502,Wild Eagle,Dollywood,Bolliger & Mabillard,,,,,2012-03-24T00:00:00Z,
http://www.wikidata.org/entity/Q2544502,Wild Eagle,Dollywood,Bolliger & Mabillard,,,,,2012-03-24T00:00:00Z,
http://www.wikidata.org/entity/Q2546829,Ghoster Coaster,,Philadelphia Toboggan Coasters,,,,,,
http://www.wikidata.org/entity/Q2570454,Wildcat,,Philadelphia Toboggan Coasters,,,,,,
http://www.wikidata.org/entity/Q2570460,Wildcat’s Revenge,Hersheypark,Rocky Mountain Construction,,,,,,
http://www.wikidata.org/entity/Q2570460,Wildcat’s Revenge,Hersheypark,Rocky Mountain Construction,,,,,,
http://www.wikidata.org/entity/Q2583642,Windjammer Surf Racers,,,,,,,,
http://www.wikidata.org/entity/Q2592905,Wolverine Wildcat,,Dinn Corporation,,,,,,
http://www.wikidata.org/entity/Q2593117,Dauling Dragon,Happy Valley Wuhan,,,,,,,
http://www.wikidata.org/entity/Q2597392,The Walking Dead: The Ride,Thorpe Park,Vekoma Rides Manufacturing B.V.,,,,,,
http://www.wikidata.org/entity/Q2597491,Wild Rider,,,,,,,,
http://www.wikidata.org/entity/Q2603494,Q2603494,,,,,,,,
http://www.wikidata.org/entity/Q2626856,Magic Flyer,,,,,,,,
http://www.wikidata.org/entity/Q2632874,Dragonfly,,Gerstlauer Amusement Rides GmbH,,,,,,
http://www.wikidata.org/entity/Q2690989,Q2690989,,,,,,,,
http://www.wikidata.org/entity/Q2703349,Q2703349,,,,,,,,
http://www.wikidata.org/entity/Q2711204,Q2711204,,,,,,,,
http://www.wikidata.org/entity/Q2713867,Flashback,,Vekoma Rides Manufacturing B.V.,,,,,,
http://www.wikidata.org/entity/Q2736464,River King Mine Train,,Arrow Dynamics,,,,,,
http://www.wikidata.org/entity/Q2744696,Ednör – L'Attaque,La Ronde,Vekoma Rides Manufacturing B.V.,,,,,,
http://www.wikidata.org/entity/Q2744696,Ednör – L'Attaque,La Ronde,Vekoma Rides Manufacturing B.V.,,,,,,
http://www.wikidata.org/entity/Q2765124,Road Runner Express,,Arrow Dynamics,,,,,,
http://www.wikidata.org/entity/Q2768671,Q2768671,,,,,,,,
http://www.wikidata.org/entity/Q2768793,Galaxy Orbiter,Galaxyland,Gerstlauer Amusement Rides GmbH,,,,,,
http://www.wikidata.org/entity/Q2783776,Barrels O' Fun,Jackson,Antonio Zamperla S.p.A,,,,,,
http://www.wikidata.org/entity/Q2796656,Goliath,Six Flags Fiesta Texas,Bolliger & Mabillard,,,,,,
http://www.wikidata.org/entity/Q2798331,Roar,,Great Coasters International,,,,,,
http://www.wikidata.org/entity/Q2806797,10 Inversion Roller Coaster,,Intamin Amusement Rides Int. Corp. Est.,,,,,,
http://www.wikidata.org/entity/Q2816943,4 Man Bob,Alton Towers,ZIERER Karussell- und Spezialmaschinenbau GmbH & Co. KG,metal,14,590,,,
http://www.wikidata.org/entity/Q2876996,Speedy Bob,Lichtaart,,,,,,,
http://www.wikidata.org/entity/Q2880135,DareDeviler,,Vekoma Rides Manufacturing B.V.,,,,,,
http://www.wikidata.org/entity/Q2884723,The Barnstormer,,Vekoma Rides Manufacturing B.V.,,,,,,
http://www.wikidata.org/entity/Q2887750,Q2887750,,,,,,,,
http://www.wikidata.org/entity/Q2891574,Batman: Arkham Asylum (roller coaster),Parque Warner Madrid,Bolliger & Mabillard,,,,,,
http://www.wikidata.org/entity/Q2892901,Beastie,Alton Towers,Pinfari,,,,,,
http://www.wikidata.org/entity/Q2902108,Big Apple Coaster,,,,,,,,
http://www.wikidata.org/entity/Q2912636,Rioolrat,,,,,,,,
http://www.wikidata.org/entity/Q2943776,Cedar Creek Mine Ride,,Arrow Dynamics,wood,,,,1969-05-24T00:00:00Z,
http://www.wikidata.org/entity/Q2943776,Cedar Creek Mine Ride,,Arrow Dynamics,wood,,,,1969-05-24T00:00:00Z,
http://www.wikidata.org/entity/Q2957284,Runaway Mine Train,,Arrow Development,,,,,,
http://www.wikidata.org/entity/Q1712350,Silver Comet,Niagara Amusement Park and Splash World,Custom Coasters International,,,,,,
http://www.wikidata.org/entity/Q1714470,Wild Thing,Valleyfair,D. H. Morgan Manufacturing,,,,,,
http://www.wikidata.org/entity/Q1714470,Wild Thing,Valleyfair,D. H. Morgan Manufacturing,,,,,,
http://www.wikidata.org/entity/Q1718332,Mammut,Gardaland,Vekoma Rides Manufacturing B.V.,,14,,,,
http://www.wikidata.org/entity/Q1742012,King Cobra,,TOGO,,,,,,
http://www.wikidata.org/entity/Q1749312,Magnum XL-200,,Arrow Dynamics,steel,,,,1989-05-06T00:00:00Z,
http://www.wikidata.org/entity/Q1749312,Magnum XL-200,,Arrow Dynamics,steel,,,,1989-05-06T00:00:00Z,
http://www.wikidata.org/entity/Q1754269,Wildfire,Silver Dollar City,Bolliger & Mabillard,,,,,,
http://www.wikidata.org/entity/Q1760009,Renegade,,Great Coasters International,,,,,,
http://www.wikidata.org/entity/Q1760350,The Ultimate,,British Rail,,,,,,
http://www.wikidata.org/entity/Q1774843,Klondike Gold Mine,Funland,Pinfari,,,,,,
http://www.wikidata.org/entity/Q1774843,Klondike Gold Mine,Drayton Manor Theme Park,Pinfari,,,,,,
http://www.wikidata.org/entity/Q1777551,Oki Doki,Lichtaart,,,,,,,
http://www.wikidata.org/entity/Q1777551,Oki Doki,Bobbejaanland,,,,,,,
http://www.wikidata.org/entity/Q1784195,Silver Bullet,Knott's Berry Farm,Bolliger & Mabillard,,,,,,
http://www.wikidata.org/entity/Q1787446,Steel Vengeance,,Rocky Mountain Construction,steel,,,,2018-05-05T00:00:00Z,
http://www.wikidata.org/entity/Q1787446,Steel Vengeance,,Rocky Mountain Construction,wood,,,,2018-05-05T00:00:00Z,
http://www.wikidata.org/entity/Q1800024,Vonkaputous,Linnanmäki,Premier Rides,,,,,,
http://www.wikidata.org/entity/Q1808023,Q1808023,,,,,,,,
http://www.wikidata.org/entity/Q1831800,Swamp Buggy,,,,,,,,
http://www.wikidata.org/entity/Q1849003,Matterhorn Bobsleds,Disneyland,,,,,,,
http://www.wikidata.org/entity/Q1867264,Loch Ness Monster,,Arrow Development,,,,,,
http://www.wikidata.org/entity/Q1870687,Lost Coaster of Superstition Mountain,,Custom Coasters International,,,,,,
http://www.wikidata.org/entity/Q1882515,Dragon Fire,,Arrow Dynamics,,,,,,
http://www.wikidata.org/entity/Q1884076,Q1884076,,,,,,,,
http://www.wikidata.org/entity/Q1884526,Magnus Colossus,,,,,,,,
http://www.wikidata.org/entity/Q1891206,Manta (SeaWorld San Diego),SeaWorld San Diego,Mack Rides GmbH & Co KG,,,,,2012-05-26T00:00:00Z,
http://www.wikidata.org/entity/Q1899239,Whizzer,Six Flags Great America,Anton Schwarzkopf,,,,,,
http://www.wikidata.org/entity/Q1916715,Medusa,,Bolliger & Mabillard,,,,,,
http://www.wikidata.org/entity/Q1916715,Medusa,,Bolliger & Mabillard,,,,,,
http://www.wikidata.org/entity/Q1916991,Q1916991,,,,,,,,
http://www.wikidata.org/entity/Q1917024,Megafobia,,Custom Coasters International,,,,,,
http://www.wikidata.org/entity/Q1917138,Ultra Twister Megaton,,,,,,,,
http://www.wikidata.org/entity/Q1925922,Goldrusher,,Arrow Development,,,,,,
http://www.wikidata.org/entity/Q1938431,Blue Hawk,Six Flags Over Georgia,Vekoma Rides Manufacturing B.V.,,,,,,
http://www.wikidata.org/entity/Q1945293,The Monster,Walygator Grand-Est,Bolliger & Mabillard,,,,,,
http://www.wikidata.org/entity/Q1945641,All American Triple Loop,,,,,,,,
http://www.wikidata.org/entity/Q1956905,Mystery Mine,Dollywood,Gerstlauer Amusement Rides GmbH,,,,,2007-04-13T00:00:00Z,
http://www.wikidata.org/entity/Q1959921,Lightnin' Loops,,Arrow Development,,,,,,
http://www.wikidata.org/entity/Q1977149,Nemesis Inferno,Thorpe Park,Bolliger & Mabillard,,29.01701712,750.02283642,,,
http://www.wikidata.org/entity/Q1978391,Nessie,Hansa Park,,,,,,,
http://www.wikidata.org/entity/Q1979332,Tami-Tami,,,,,,,,
http://www.wikidata.org/entity/Q1985681,Nickelodeon Streak,,,,,,,,
http://www.wikidata.org/entity/Q1988114,Log Jammer,,,,,,,,
http://www.wikidata.org/entity/Q1989691,Q1989691,,,,,,,,
http://www.wikidata.org/entity/Q2049079,Galaxy,,,,,,,,
http://www.wikidata.org/entity/Q2052341,Wild Mouse,Pleasure Beach Resort,,,,,,,
http://www.wikidata.org/entity/Q2058140,Patriot,Worlds of Fun,Bolliger & Mabillard,,,,,2006-04-08T00:00:00Z,
http://www.wikidata.org/entity/Q2067284,Pegasus,,Custom Coasters International,,,,,,
http://www.wikidata.org/entity/Q2071673,Infusion,,Vekoma Rides Manufacturing B.V.,,,,,,
http://www.wikidata.org/entity/Q2071673,Infusion,,Vekoma Rides Manufacturing B.V.,,,,,,
http://www.wikidata.org/entity/Q2084712,Phaethon,,Bolliger & Mabillard,,,,,,
http://www.wikidata.org/entity/Q2085501,Thunder Run,Kentucky Kingdom,Dinn Corporation,,,,,,
http://www.wikidata.org/entity/Q2088479,Phoenix,,Philadelphia Toboggan Coasters,,,,,,
http://www.wikidata.org/entity/Q2098221,Canyon Blaster,Six Flags Magic Mountain,E&F Miler Industries,,,,,,
http://www.wikidata.org/entity/Q2105808,Possessed,Dorney Park & Wildwater Kingdom,Intamin Amusement Rides Int. Corp. Est.,,,,,,
http://www.wikidata.org/entity/Q2108259,Predator,Six Flags Darien Lake,Dinn Corporation,,,,,,
http://www.wikidata.org/entity/Q2112754,Mayan Mindbender,,Vekoma Rides Manufacturing B.V.,,,,,,
http://www.wikidata.org/entity/Q2116105,Psyclone,Six Flags Magic Mountain,Dinn Corporation,,,,,,
http://www.wikidata.org/entity/Q2123873,Mine Train,Slagharen,Vekoma Rides Manufacturing B.V.,,,,,,
http://www.wikidata.org/entity/Q2127262,Raging Wolf Bobs,,Dinn Corporation,,,,,,
http://www.wikidata.org/entity/Q2131335,Afterburner,Fun Spot Amusement Park & Zoo,Arrow Development,,,,,,
http://www.wikidata.org/entity/Q2131867,Rasender Roland,,,,,,,,
http://www.wikidata.org/entity/Q2133717,Ravine Flyer II,,The Gravity Group,,,,,,
http://www.wikidata.org/entity/Q2146774,Revenge of the Mummy,,Premier Rides,,,,,,
http://www.wikidata.org/entity/Q2146778,Revenge of the Mummy – The Ride,,,,,,,,
http://www.wikidata.org/entity/Q2155457,Ultra Twister,Six Flags Great Adventure,TOGO,,,,,,
http://www.wikidata.org/entity/Q2160966,Rodelbaan,Hengelo,,,,,,,
http://www.wikidata.org/entity/Q2166269,Go Gator,,,,,,,,
http://www.wikidata.org/entity/Q2167576,Q2167576,,,,,,,,
http://www.wikidata.org/entity/Q2169285,Tsunami,,,,,,,,
http://www.wikidata.org/entity/Q2177877,Rutschebanen,Tivoli Gardens,,,12.00914364,719.99997732,,,
http://www.wikidata.org/entity/Q2182970,Seven Dwarfs Mine Train,Magic Kingdom,Vekoma Rides Manufacturing B.V.,,,,,,
http://www.wikidata.org/entity/Q2182970,Seven Dwarfs Mine Train,Shanghai Disneyland Park,Vekoma Rides Manufacturing B.V.,,,,,,
http://www.wikidata.org/entity/Q2183558,T3,,Vekoma Rides Manufacturing B.V.,,,,,,
http://www.wikidata.org/entity/Q2197328,Draak,,,,,,,,
http://www.wikidata.org/entity/Q2200640,Road Runner Railway,,Antonio Zamperla S.p.A,,,,,,
http://www.wikidata.org/entity/Q2201269,Wile E. Coyote's Grand Canyon Blaster,,Chance Rides,,,,,,
http://www.wikidata.org/entity/Q2202814,Limit,,Vekoma Rides Manufacturing B.V.,,,,,,
http://www.wikidata.org/entity/Q2206523,Kumali,,Vekoma Rides Manufacturing B.V.,,,,,,
http://www.wikidata.org/entity/Q2206840,Bob Express,Lichtaart,,,,,,,
http://www.wikidata.org/entity/Q2229119,Scenic Railway,St Kilda,,,,,,1912-12-01T00:00:00Z,
http://www.wikidata.org/entity/Q2229130,Scenic Railway,Dreamland Margate,,,,,,,
http://www.wikidata.org/entity/Q2238321,Midgard Serpent,Hansa Park,,,,,,,
http://www.wikidata.org/entity/Q2241984,Wile E. Coyote Canyon Blaster,,Chance Rides,,,,,,
http://www.wikidata.org/entity/Q2246121,Grottenblitz,,Mack Rides GmbH & Co KG,,,,,,
http://www.wikidata.org/entity/Q2251445,Serpent,,Arrow Dynamics,,,,,,
http://www.wikidata.org/entity/Q2257486,Q2257486,,,,,,,,
http://www.wikidata.org/entity/Q2260635,Woodstock Express,,Philadelphia Toboggan Coasters,,,,,,
http://www.wikidata.org/entity/Q2261217,Batman The Escape,,Intamin Amusement Rides Int. Corp. Est.,,,,,,
http://www.wikidata.org/entity/Q2266684,Q2266684,,,,,,,,
http://www.wikidata.org/entity/Q2278870,Naga Bay,Lichtaart,,,,,,,
http://www.wikidata.org/entity/Q2279581,Shivering Timbers,,Custom Coasters International,,,,,,
http://www.wikidata.org/entity/Q2279717,Shockwave,Kings Dominion,TOGO,,,,,,
http://www.wikidata.org/entity/Q2279717,Shockwave,Kings Dominion,TOGO,,,,,,
http://www.wikidata.org/entity/Q2279724,Shockwave,Six Flags Great America,Arrow Dynamics,,,,,,
http://www.wikidata.org/entity/Q2279730,The Shock Wave,,Intamin Amusement Rides Int. Corp. Est.,,,,,,
http://www.wikidata.org/entity/Q2280423,Shuttle Loop,,Anton Schwarzkopf,,,,,,
http://www.wikidata.org/entity/Q2280423,Shuttle Loop,,Anton Schwarzkopf,,,,,,
http://www.wikidata.org/entity/Q2284495,Sierra Sidewinder,,Mack Rides GmbH & Co KG,,,,,,
http://www.wikidata.org/entity/Q1004335,Bullet,,,,,,,,
http://www.wikidata.org/entity/Q1026847,Incredicoaster,,Intamin Amusement Rides Int. Corp. Est.,,,,,,
http://www.wikidata.org/entity/Q1028778,Q1028778,,,,,,,,
http://www.wikidata.org/entity/Q1033981,Canyon Blaster,Adventuredome,Arrow Dynamics,,,,,,
http://www.wikidata.org/entity/Q1033981,Canyon Blaster,Adventuredome,Arrow Dynamics,,,,,,
http://www.wikidata.org/entity/Q1044389,Carolina Cyclone,,Arrow Dynamics,,,,,,
http://www.wikidata.org/entity/Q1065056,Millennium Force,,Intamin Amusement Rides Int. Corp. Est.,steel,94.488186,2010.159957,,2000-05-13T00:00:00Z,
http://www.wikidata.org/entity/Q1065056,Millennium Force,,Intamin Amusement Rides Int. Corp. Est.,steel,94,2010.159957,,2000-05-13T00:00:00Z,
http://www.wikidata.org/entity/Q1065056,Millennium Force,,Intamin Amusement Rides Int. Corp. Est.,steel,94.488186,2010.159957,,2000-05-13T00:00:00Z,
http://www.wikidata.org/entity/Q1065056,Millennium Force,,Intamin Amusement Rides Int. Corp. Est.,steel,94,2010.159957,,2000-05-13T00:00:00Z,
http://www.wikidata.org/entity/Q1068884,Cheetah,Wild Adventures,Custom Coasters International,,,,,,
http://www.wikidata.org/entity/Q1104428,Coaster Express,,,,,,,,
http://www.wikidata.org/entity/Q1104733,Cobra,,,,,,,,
http://www.wikidata.org/entity/Q1104733,Cobra,,,,,,,,
http://www.wikidata.org/entity/Q1108603,RC Racer,,Intamin Amusement Rides Int. Corp. Est.,,,,,,
http://www.wikidata.org/entity/Q1125032,Hullámvasút,Vidám Park,,,,,,,
http://www.wikidata.org/entity/Q1125804,Leap-The-Dips,,,,,,,,
http://www.wikidata.org/entity/Q1125804,Leap-The-Dips,,,,,,,,
http://www.wikidata.org/entity/Q1127968,Thunderbolt,,,,,,,,
http://www.wikidata.org/entity/Q1129927,Q1129927,,,,,,,1996-06-01T00:00:00Z,2006-08-01T00:00:00Z
http://www.wikidata.org/entity/Q1129927,Q1129927,,,,,,,1996-06-01T00:00:00Z,2006-08-01T00:00:00Z
http://www.wikidata.org/entity/Q1131734,Sky Rocket,,Premier Rides,,,,,,
http://www.wikidata.org/entity/Q1131734,Sky Rocket,,Premier Rides,,,,,,
http://www.wikidata.org/entity/Q1133019,Corkscrew,Sandusky,Arrow Dynamics,steel,,,,1976-05-15T00:00:00Z,
http://www.wikidata.org/entity/Q1133164,Cornball Express,,Custom Coasters International,,,,,,
http://www.wikidata.org/entity/Q1135493,Half Pipe,Elitch Gardens Theme Park,Intamin Amusement Rides Int. Corp. Est.,,,,,2003-04-30T00:00:00Z,
http://www.wikidata.org/entity/Q1135493,Half Pipe,Särkänniemi,Intamin Amusement Rides Int. Corp. Est.,,,,,2003-04-30T00:00:00Z,
http://www.wikidata.org/entity/Q1135493,Half Pipe,Elitch Gardens Theme Park,Intamin Amusement Rides Int. Corp. Est.,,,,,2003-04-30T00:00:00Z,
http://www.wikidata.org/entity/Q1135493,Half Pipe,Särkänniemi,Intamin Amusement Rides Int. Corp. Est.,,,,,2003-04-30T00:00:00Z,
http://www.wikidata.org/entity/Q1135493,Half Pipe,Elitch Gardens Theme Park,Intamin Amusement Rides Int. Corp. Est.,,,,,2004-05-27T00:00:00Z,
http://www.wikidata.org/entity/Q1135493,Half Pipe,Särkänniemi,Intamin Amusement Rides Int. Corp. Est.,,,,,2004-05-27T00:00:00Z,
http://www.wikidata.org/entity/Q1135493,Half Pipe,Elitch Gardens Theme Park,Intamin Amusement Rides Int. Corp. Est.,,,,,2004-05-27T00:00:00Z,
http://www.wikidata.org/entity/Q1135493,Half Pipe,Särkänniemi,Intamin Amusement Rides Int. Corp. Est.,,,,,2004-05-27T00:00:00Z,
http://www.wikidata.org/entity/Q1136801,Le Monstre,,,,,,,,
http://www.wikidata.org/entity/Q1137863,Blue Tornado,Gardaland,Vekoma Rides Manufacturing B.V.,,33.3,,,1998-01-01T00:00:00Z,
http://www.wikidata.org/entity/Q1139712,Rolling Thunder,,,,,,,,
http://www.wikidata.org/entity/Q1141240,Jet Star,,,,,,,,
http://www.wikidata.org/entity/Q1141555,Moonsault Scramble,,Sanoyas Hishino Meisho,,70.01269782,460.00506552,,,
http://www.wikidata.org/entity/Q1141555,Moonsault Scramble,,Sanoyas Hishino Meisho,,70.01269782,460.00506552,,,
http://www.wikidata.org/entity/Q1147556,Hot Wheels SideWinder,,Arrow Dynamics,,,,,,
http://www.wikidata.org/entity/Q1147558,Cyclone,,,,,,,,
http://www.wikidata.org/entity/Q1147609,Cyclops,Mt. Olympus Water & Theme Park,Custom Coasters International,,,,,,
http://www.wikidata.org/entity/Q1159776,Dania Beach Hurricane,Boomers! Parks,,,,,,,
http://www.wikidata.org/entity/Q1165790,Dare Devil Dive,,Gerstlauer Amusement Rides GmbH,,,,,,
http://www.wikidata.org/entity/Q1186421,Demon,,,,,,,,
http://www.wikidata.org/entity/Q1186433,Demon,,Arrow Dynamics,,,,,,
http://www.wikidata.org/entity/Q1200848,Desperado,,Arrow Dynamics,,,,,,
http://www.wikidata.org/entity/Q1200848,Desperado,,Arrow Dynamics,,,,,,
http://www.wikidata.org/entity/Q1218623,Q1218623,,,,,,,,
http://www.wikidata.org/entity/Q1226661,Dinoconda,China Dinosaurs Park,,,,,,,
http://www.wikidata.org/entity/Q1228345,Disaster Transport,,Intamin Amusement Rides Int. Corp. Est.,,,,,,
http://www.wikidata.org/entity/Q1228345,Disaster Transport,,Intamin Amusement Rides Int. Corp. Est.,,,,,,
http://www.wikidata.org/entity/Q1230513,Dive Coaster,,Bolliger & Mabillard,,,,,,
http://www.wikidata.org/entity/Q1230670,Diving Coaster: Vanish,Yokohama,Senyo Kogyo,,35.1,744.2,,,
http://www.wikidata.org/entity/Q1230679,Diving Machine G5,,Bolliger & Mabillard,,,,,,
http://www.wikidata.org/entity/Q1242578,The Bat,,Arrow Dynamics,,,,,,
http://www.wikidata.org/entity/Q1251424,Q1251424,,,,,,,,
http://www.wikidata.org/entity/Q1251430,Double Loop,,Arrow Dynamics,,,,,,
http://www.wikidata.org/entity/Q1254197,Drachen Fire,,Arrow Dynamics,,,,,1992-04-04T00:00:00Z,
http://www.wikidata.org/entity/Q1255147,Dragon's Fury,Chessington World of Adventures,Maurer Söhne,,,,,2004-03-27T00:00:00Z,
http://www.wikidata.org/entity/Q1265024,Q1265024,,,,,,,,
http://www.wikidata.org/entity/Q1267346,Kawasemi,,Intamin Amusement Rides Int. Corp. Est.,,,,,,
http://www.wikidata.org/entity/Q1270418,Dæmonen,Tivoli Gardens,Bolliger & Mabillard,steel,28.01117514,564.00303024,,2004-04-16T00:00:00Z,
http://www.wikidata.org/entity/Q1272282,Q1272282,,,,,,,,
http://www.wikidata.org/entity/Q1283422,Orphan Rocker,,,,,,,,
http://www.wikidata.org/entity/Q1294688,Great Bear,Hersheypark,Bolliger & Mabillard,,,,,,
http://www.wikidata.org/entity/Q1295262,Eejanaika,,,,75.98678958,1152.99970968,,,
http://www.wikidata.org/entity/Q1295262,Eejanaika,,,,75.98678958,1152.99970968,,,
http://www.wikidata.org/entity/Q1295262,Eejanaika,,,,75.98678958,1152.99970968,,,
http://www.wikidata.org/entity/Q1307380,Thunderbolt,Kennywood,,,,,,,
http://www.wikidata.org/entity/Q1324636,El Toro,,Great Coasters International,,,,,,
http://www.wikidata.org/entity/Q1324667,El Toro,Six Flags Great Adventure,Intamin Amusement Rides Int. Corp. Est.,,,,,,
http://www.wikidata.org/entity/Q1328401,Q1328401,,,,,,,,
http://www.wikidata.org/entity/Q1334442,Great American Scream Machine,Six Flags Great Adventure,Arrow Dynamics,,,,,,
http://www.wikidata.org/entity/Q1341067,Expedition Everest,Disney's Animal Kingdom,Vekoma Rides Manufacturing B.V.,,,1183.9979307,,2006-04-07T00:00:00Z,
http://www.wikidata.org/entity/Q1342064,The Swarm,Thorpe Park,Bolliger & Mabillard,,,,,,
http://www.wikidata.org/entity/Q1353100,New Texas Giant,,Rocky Mountain Construction,,,,,2011-04-22T00:00:00Z,
http://www.wikidata.org/entity/Q1353100,New Texas Giant,,Rocky Mountain Construction,,,,,2011-04-22T00:00:00Z,
http://www.wikidata.org/entity/Q1356242,G Force,,Maurer Söhne,,,,,,
http://www.wikidata.org/entity/Q1364392,The Bat,Kings Island,Arrow Dynamics,,,,,,
http://www.wikidata.org/entity/Q1370494,Millennium Roller Coaster,,Vekoma Rides Manufacturing B.V.,,,,,,
http://www.wikidata.org/entity/Q1374491,Eurostar,Gorky Park,Intamin Amusement Rides Int. Corp. Est.,,,,,,
http://www.wikidata.org/entity/Q1374491,Eurostar,Germany,Intamin Amusement Rides Int. Corp. Est.,,,,,,
http://www.wikidata.org/entity/Q1383421,Excalibur,,Custom Coasters International,wood,,,,,
http://www.wikidata.org/entity/Q1383424,Excalibur,,Arrow Dynamics,,,,,,
http://www.wikidata.org/entity/Q1385028,Exterminator,,Reverchon Industries,,,,,,
http://www.wikidata.org/entity/Q1385028,Exterminator,,Reverchon Industries,,,,,,
http://www.wikidata.org/entity/Q1385028,Exterminator,,Reverchon Industries,,,,,,
http://www.wikidata.org/entity/Q1385492,Extreme Rusher,,,,,,,,
http://www.wikidata.org/entity/Q1385523,Indy-Blitz,,,,,,,,
http://www.wikidata.org/entity/Q1390319,Prowler,Worlds of Fun,Great Coasters International,,,,,2009-05-02T00:00:00Z,
http://www.wikidata.org/entity/Q1393957,Falcon,,Gerstlauer Amusement Rides GmbH,,,,,,
http://www.wikidata.org/entity/Q1394142,Falken,Fårup Summer Park,S&S Worldwide,,19.99491936,622.00658442,,,
http://www.wikidata.org/entity/Q1408480,Mighty Canadian Minebuster,,Taft Broadcasting,,,,,,
http://www.wikidata.org/entity/Q1409526,The Dragon,,,,,,,,
http://www.wikidata.org/entity/Q1415640,Tornado,Dyrehavsbakken,Intamin Amusement Rides Int. Corp. Est.,,12.00914364,341.9862732,,2009-04-09T00:00:00Z,
http://www.wikidata.org/entity/Q1416282,Timber Terror,Silverwood Theme Park,Custom Coasters International,,,,,,
http://www.wikidata.org/entity/Q1418585,Fiorano GT Challenge,,,,21,1000,,2010-11-04T00:00:00Z,
http://www.wikidata.org/entity/Q1418585,Fiorano GT Challenge,,,,21,1000,,2010-11-04T00:00:00Z,
http://www.wikidata.org/entity/Q1420749,SpongeBob SquarePants Rock Bottom Plunge,Nickelodeon Universe,Gerstlauer Amusement Rides GmbH,,,,,,
http://www.wikidata.org/entity/Q1427260,Flashback,Six Flags Magic Mountain,Intamin Amusement Rides Int. Corp. Est.,,,,,,
http://www.wikidata.org/entity/Q1427260,Flashback,Six Flags Great America,Intamin Amusement Rides Int. Corp. Est.,,,,,,
http://www.wikidata.org/entity/Q1428707,Flight Deck,California's Great America,Bolliger & Mabillard,,,,,,
http://www.wikidata.org/entity/Q1428707,Flight Deck,California's Great America,Bolliger & Mabillard,,,,,,
http://www.wikidata.org/entity/Q1432350,Ninja,,Vekoma Rides Manufacturing B.V.,,,,,,
http://www.wikidata.org/entity/Q1432683,Powder Keg: A Blast into the Wilderness,Silver Dollar City,S&S Worldwide,,,,,,
http://www.wikidata.org/entity/Q1432851,Twister II,,Hensel Phelps Construction,,,,,,
http://www.wikidata.org/entity/Q1434526,Fly – The Great Nor'easter,,Vekoma Rides Manufacturing B.V.,,,,,,
http://www.wikidata.org/entity/Q1434543,Flyer Comet,,National Amusement Devices,,,,,,
http://www.wikidata.org/entity/Q1434625,Flying Turns,,,,,,,,
http://www.wikidata.org/entity/Q1434625,Flying Turns,,,,,,,,
http://www.wikidata.org/entity/Q1436637,Force One,,ZIERER Karussell- und Spezialmaschinenbau GmbH & Co. KG,,,,,,
http://www.wikidata.org/entity/Q1448266,XLR-8,,Arrow Dynamics,,,,,,
http://www.wikidata.org/entity/Q1453566,Alpengeist,Busch Gardens Williamsburg,Bolliger & Mabillard,,,,,1997-03-22T00:00:00Z,
http://www.wikidata.org/entity/Q1455457,French Revolution,,,,,,,,
http://www.wikidata.org/entity/Q1471670,Montaña Rusa,La Feria Chapultepec Mágico,National Amusement Devices,,,,,,
http://www.wikidata.org/entity/Q1471807,Steel Eel,,D. H. Morgan Manufacturing,,,,,,
http://www.wikidata.org/entity/Q1472834,Roller Soaker,Hersheypark,,,,,,2002-05-11T00:00:00Z,2012-09-03T00:00:00Z
http://www.wikidata.org/entity/Q1472834,Roller Soaker,Hersheypark,,,,,,2002-05-11T00:00:00Z,2012-09-03T00:00:00Z
http://www.wikidata.org/entity/Q1474975,Furius Baco,,Intamin Amusement Rides Int. Corp. Est.,,,,,,
http://www.wikidata.org/entity/Q1476401,Rougarou,,Bolliger & Mabillard,steel,,,,2015-05-09T00:00:00Z,
http://www.wikidata.org/entity/Q1476401,Rougarou,,Bolliger & Mabillard,steel,,,,2015-05-09T00:00:00Z,
http://www.wikidata.org/entity/Q1476808,Oblivion,,Bolliger & Mabillard,,,,,,
http://www.wikidata.org/entity/Q1477122,Xcelerator,,Intamin Amusement Rides Int. Corp. Est.,,,,,,
http://www.wikidata.org/entity/Q1477122,Xcelerator,,Intamin Amusement Rides Int. Corp. Est.,,,,,,
http://www.wikidata.org/entity/Q1477806,Nemesis,Alton Towers,Bolliger & Mabillard,,,,,1994-03-19T00:00:00Z,2022-11-06T00:00:00Z
http://www.wikidata.org/entity/Q1477806,Nemesis,Alton Towers,Bolliger & Mabillard,,,,,1994-03-19T00:00:00Z,2022-11-06T00:00:00Z
http://www.wikidata.org/entity/Q1478147,Speed Monster,Tusenfryd,Intamin Amusement Rides Int. Corp. Est.,,,,,,
http://www.wikidata.org/entity/Q1497026,Q1497026,,,,,,,,
http://www.wikidata.org/entity/Q1500904,Thunderbolt,,,wood,,,,,
http://www.wikidata.org/entity/Q1500945,Storm Runner,Hersheypark,Intamin Amusement Rides Int. Corp. Est.,,,,,,
http://www.wikidata.org/entity/Q1501063,Tulireki,Linnanmäki,Mack Rides GmbH & Co KG,,16.5,336,,,
http://www.wikidata.org/entity/Q1501093,Gemini,,Arrow Dynamics,steel,,,,1978-06-17T00:00:00Z,
http://www.wikidata.org/entity/Q1501093,Gemini,,Arrow Dynamics,wood,,,,1978-06-17T00:00:00Z,
http://www.wikidata.org/entity/Q1501093,Gemini,,Arrow Dynamics,steel,,,,1978-06-17T00:00:00Z,
http://www.wikidata.org/entity/Q1501093,Gemini,,Arrow Dynamics,wood,,,,1978-06-17T00:00:00Z,
http://www.wikidata.org/entity/Q1501093,Gemini,,Arrow Dynamics,steel,,,,1978-06-17T00:00:00Z,
http://www.wikidata.org/entity/Q1501093,Gemini,,Arrow Dynamics,wood,,,,1978-06-17T00:00:00Z,
http://www.wikidata.org/entity/Q1501370,The New Revolution,,Anton Schwarzkopf,,,,,,
http://www.wikidata.org/entity/Q1502476,Rock 'n' Roller Coaster Starring Aerosmith,Disney's Hollywood Studios,Vekoma Rides Manufacturing B.V.,,,,,1999-07-29T00:00:00Z,2019-09-02T00:00:00Z
http://www.wikidata.org/entity/Q1502476,Rock 'n' Roller Coaster Starring Aerosmith,Disney Adventure World,Vekoma Rides Manufacturing B.V.,,,,,1999-07-29T00:00:00Z,2019-09-02T00:00:00Z
http://www.wikidata.org/entity/Q1502476,Rock 'n' Roller Coaster Starring Aerosmith,Disney's Hollywood Studios,Vekoma Rides Manufacturing B.V.,,,,,2002-03-16T00:00:00Z,2019-09-02T00:00:00Z
http://www.wikidata.org/entity/Q1502476,Rock 'n' Roller Coaster Starring Aerosmith,Disney Adventure World,Vekoma Rides Manufacturing B.V.,,,,,2002-03-16T00:00:00Z,2019-09-02T00:00:00Z
http://www.wikidata.org/entity/Q1502476,Rock 'n' Roller Coaster Starring Aerosmith,Disney's Hollywood Studios,Vekoma Rides Manufacturing B.V.,,,,,1999-07-29T00:00:00Z,2026-03-02T00:00:00Z
http://www.wikidata.org/entity/Q1502476,Rock 'n' Roller Coaster Starring Aerosmith,Disney Adventure World,Vekoma Rides Manufacturing B.V.,,,,,1999-07-29T00:00:00Z,2026-03-02T00:00:00Z
http://www.wikidata.org/entity/Q1502476,Rock 'n' Roller Coaster Starring Aerosmith,Disney's Hollywood Studios,Vekoma Rides Manufacturing B.V.,,,,,2002-03-16T00:00:00Z,2026-03-02T00:00:00Z
http://www.wikidata.org/entity/Q1502476,Rock 'n' Roller Coaster Starring Aerosmith,Disney Adventure World,Vekoma Rides Manufacturing B.V.,,,,,2002-03-16T00:00:00Z,2026-03-02T00:00:00Z
http://www.wikidata.org/entity/Q1502537,Lisebergbanan,Liseberg,ZIERER Karussell- und Spezialmaschinenbau GmbH & Co. KG,steel,,,,1987-04-18T00:00:00Z,
http://www.wikidata.org/entity/Q1502567,The Boss,,Custom Coasters International,wood,,,,,
http://www.wikidata.org/entity/Q1502938,Skyliner,,Philadelphia Toboggan Coasters,,,,,,
http://www.wikidata.org/entity/Q1509287,Twisted Cyclone,,Rocky Mountain Construction,,,,,,
http://www.wikidata.org/entity/Q1513544,Monte Makaya,,Intamin Amusement Rides Int. Corp. Est.,,37.00279284,,,,
http://www.wikidata.org/entity/Q1514997,Speed: No Limits,,Gerstlauer Amusement Rides GmbH,,,,,,
http://www.wikidata.org/entity/Q1515501,High Roller,"The STRAT Hotel, Casino & SkyPod",,,,,,,
http://www.wikidata.org/entity/Q1521787,Outlaw Run,Silver Dollar City,Rocky Mountain Construction,,,,,2013-03-15T00:00:00Z,
http://www.wikidata.org/entity/Q1521853,GhostRider,,Custom Coasters International,,,,,,
http://www.wikidata.org/entity/Q1522024,Comet,Waldameer Park,Philadelphia Toboggan Coasters,wood,,,,,
http://www.wikidata.org/entity/Q1522717,Giant Dipper,,,,,,,,
http://www.wikidata.org/entity/Q1522718,Giant Dipper,,,wood,,,,,
http://www.wikidata.org/entity/Q1529557,Teststrecke,,,,,,,,
http://www.wikidata.org/entity/Q1536832,Raging Bull,,Bolliger & Mabillard,,,,,,
http://www.wikidata.org/entity/Q1536832,Raging Bull,,Bolliger & Mabillard,,,,,,
http://www.wikidata.org/entity/Q1538357,Mr. Freeze,,Premier Rides,,,,,,
http://www.wikidata.org/entity/Q1538357,Mr. Freeze,,Premier Rides,,,,,,
http://www.wikidata.org/entity/Q1542448,Grand-Canyon-Bahn,,,,,,,,
http://www.wikidata.org/entity/Q1542634,Grand National,,,,,,,,
http://www.wikidata.org/entity/Q1544255,Skatteøen,Djurs Sommerland,Mack Rides GmbH & Co KG,,28.01117514,455.00633568,,2011-05-07T00:00:00Z,
http://www.wikidata.org/entity/Q1545220,Hydra the Revenge,Dorney Park & Wildwater Kingdom,Bolliger & Mabillard,,,,,,
http://www.wikidata.org/entity/Q1546634,Griffon,Busch Gardens Williamsburg,Bolliger & Mabillard,,,,,,
http://www.wikidata.org/entity/Q1547136,Grizzly,,Philadelphia Toboggan Coasters,,,,,,
http://www.wikidata.org/entity/Q1559667,Thunderhead,Dollywood,Great Coasters International,,,,,,
http://www.wikidata.org/entity/Q1569572,Hair Raiser,,Bolliger & Mabillard,,,,,,
http://www.wikidata.org/entity/Q1589712,Vild-Svinet,BonBon-Land,Gerstlauer Amusement Rides GmbH,,21.9456432,427.9400424,,2003-05-16T00:00:00Z,
http://www.wikidata.org/entity/Q1602595,Avalanche,,,,,,,,
http://www.wikidata.org/entity/Q1602603,Hell Cat,,S&S Worldwide,,,,,,
http://www.wikidata.org/entity/Q1609030,Vertigo (roller coaster),Walibi Belgium,,,,,,,
http://www.wikidata.org/entity/Q1609595,Hercules,,Dinn Corporation,,,,,,
http://www.wikidata.org/entity/Q1617834,High Roller,,,,,,,,
http://www.wikidata.org/entity/Q1619573,Hurler,,,,,,,,
http://www.wikidata.org/entity/Q1622779,Stampida,,,,,,,,
http://www.wikidata.org/entity/Q1624900,Hollys wilde Autofahrt,Plopsaland Deutschland,,,,,,,
http://www.wikidata.org/entity/Q1624931,Hollywood Rip Ride Rockit,,Maurer Söhne,,,,,,
http://www.wikidata.org/entity/Q1627160,The Flash: Vertical Velocity,Six Flags Discovery Kingdom,Intamin Amusement Rides Int. Corp. Est.,,,,,,
http://www.wikidata.org/entity/Q1627485,Hoosier Hurricane,,Custom Coasters International,,,,,,
http://www.wikidata.org/entity/Q1638375,Huracan,Belantis,Gerstlauer Amusement Rides GmbH,,,,,,
http://www.wikidata.org/entity/Q1640820,Hypersonic XLC,,S&S Worldwide,,,,,,
http://www.wikidata.org/entity/Q1644008,Q1644008,,Gerstlauer Amusement Rides GmbH,,,860,,,
http://www.wikidata.org/entity/Q1644008,Q1644008,,Gerstlauer Amusement Rides GmbH,,,860,,,
http://www.wikidata.org/entity/Q1670601,The Roller Coaster,New York-New York Hotel and Casino,TOGO,,,,,,
http://www.wikidata.org/entity/Q1670601,The Roller Coaster,New York-New York Hotel and Casino,TOGO,,,,,,
http://www.wikidata.org/entity/Q1671347,Mega Zeph,Six Flags New Orleans,Custom Coasters International,,,,,,
http://www.wikidata.org/entity/Q1671491,Intimidator,Carowinds,Bolliger & Mabillard,,,,,,
http://www.wikidata.org/entity/Q1671491,Intimidator,Carowinds,Bolliger & Mabillard,,,,,,
http://www.wikidata.org/entity/Q1675977,Thunder Road,,,,,,,,
http://www.wikidata.org/entity/Q1677168,Jack Rabbit,Seabreeze Amusement Park,,,,,,,
http://www.wikidata.org/entity/Q1677171,Jack Rabbit,,Harry C. Baker,,,,,,
http://www.wikidata.org/entity/Q1678491,Jaguar!,,ZIERER Karussell- und Spezialmaschinenbau GmbH & Co. KG,,,,,,
http://www.wikidata.org/entity/Q1688486,Jumbo Jet,,,,,,,,
http://www.wikidata.org/entity/Q1688486,Jumbo Jet,,,,,,,,
http://www.wikidata.org/entity/Q1688754,Tatsu,,Bolliger & Mabillard,,,,,,
http://www.wikidata.org/entity/Q2981159,Cobra,,Intamin Amusement Rides Int. Corp. Est.,,,,,,
http://www.wikidata.org/entity/Q2997396,Corkscrew,Alton Towers,Vekoma Rides Manufacturing B.V.,,,,,,
http://www.wikidata.org/entity/Q3006010,Crystal Wing,Happy Valley Beijing,Bolliger & Mabillard,,,,,2006-07-09T00:00:00Z,
http://www.wikidata.org/entity/Q3026440,Diavlo,,Bolliger & Mabillard,,,,,,
http://www.wikidata.org/entity/Q3032292,Diving Coaster,,Bolliger & Mabillard,,64.9225278,968.9611074,,,
http://www.wikidata.org/entity/Q3032292,Diving Coaster,,Bolliger & Mabillard,,64.9225278,968.9611074,,,
http://www.wikidata.org/entity/Q3036455,Spacely's Sprocket Rockets,,Vekoma Rides Manufacturing B.V.,,,,,,
http://www.wikidata.org/entity/Q3043293,Déjà Vu,Six Flags Over Georgia,,,,,,,
http://www.wikidata.org/entity/Q3073731,Flight of the Hippogriff,,,,,,,,
http://www.wikidata.org/entity/Q3094227,Gadget's Go Coaster,,,,,,,,
http://www.wikidata.org/entity/Q3098940,Pandemonium,,,,,,,,
http://www.wikidata.org/entity/Q3115987,The Great White,,Bolliger & Mabillard,,,,,,
http://www.wikidata.org/entity/Q3116098,Green Lantern Coaster,,S&S Worldwide,,,,,,
http://www.wikidata.org/entity/Q3151498,Insane Speed,,Bolliger & Mabillard,,,,,,
http://www.wikidata.org/entity/Q3190121,Jupiter,,Intamin Amusement Rides Int. Corp. Est.,,,,,1992-01-01T00:00:00Z,
http://www.wikidata.org/entity/Q3198647,Kong,,Vekoma Rides Manufacturing B.V.,,,,,,
http://www.wikidata.org/entity/Q3200777,Kvasten,Gröna Lund,Vekoma Rides Manufacturing B.V.,,,,,2007-04-28T00:00:00Z,
http://www.wikidata.org/entity/Q3214042,Bobsleigh,,Anton Schwarzkopf,,,,,,
http://www.wikidata.org/entity/Q3214042,Bobsleigh,,Anton Schwarzkopf,,,,,,
http://www.wikidata.org/entity/Q3220536,Boomerang,,Vekoma Rides Manufacturing B.V.,,,,,,
http://www.wikidata.org/entity/Q3227453,Super Manège,,Vekoma Rides Manufacturing B.V.,,,,,,
http://www.wikidata.org/entity/Q3238476,Lightning,,Bolliger & Mabillard,,,,,,
http://www.wikidata.org/entity/Q3259820,Lost City of Gold,,,,,,,,
http://www.wikidata.org/entity/Q3271872,Donderstenen,,,,,,,,
http://www.wikidata.org/entity/Q3322684,Montezooma's Revenge,Knott's Berry Farm,,,,,,,
http://www.wikidata.org/entity/Q3323957,Morgan's Circus Clown Coaster,,,,,,,,
http://www.wikidata.org/entity/Q3327600,Goofy's Sky School,,Mack Rides GmbH & Co KG,,,,,,
http://www.wikidata.org/entity/Q3338910,Beast,Alton Towers,,,,,,,
http://www.wikidata.org/entity/Q3397820,Pony Express,,Antonio Zamperla S.p.A,,,,,,
http://www.wikidata.org/entity/Q3403239,Primeval Whirl,Disney's Animal Kingdom,Reverchon Industries,,,,,2002-04-18T00:00:00Z,2020-03-15T00:00:00Z
http://www.wikidata.org/entity/Q3453216,Runaway Mine Train,Alton Towers,Mack Rides GmbH & Co KG,,,,,,
http://www.wikidata.org/entity/Q3453217,Runaway Mine Train,,Arrow Development,,,,,,
http://www.wikidata.org/entity/Q3453218,Runaway Mountain,,Premier Rides,,,,,,
http://www.wikidata.org/entity/Q3461358,Q3461358,,,,,,,,
http://www.wikidata.org/entity/Q3471802,Sand Serpent,,Mack Rides GmbH & Co KG,,,,,,
http://www.wikidata.org/entity/Q3492584,Astro Storm,Brean Leisure Park,ZIERER Karussell- und Spezialmaschinenbau GmbH & Co. KG,,,,,,
http://www.wikidata.org/entity/Q3492773,Spatiale Expérience,Nigloland,Mack Rides GmbH & Co KG,,,,,,
http://www.wikidata.org/entity/Q3497779,Steel Hawg,,S&S Worldwide,,,,,,
http://www.wikidata.org/entity/Q3497806,Steeplechase,,Arrow Dynamics,,,,,,
http://www.wikidata.org/entity/Q3521876,Mind Eraser,,Vekoma Rides Manufacturing B.V.,,,,,,
http://www.wikidata.org/entity/Q3528737,Timberline Twister,,,,,,,,
http://www.wikidata.org/entity/Q3539469,Triops,Parc Bagatelle,Vekoma Rides Manufacturing B.V.,,,,,1997-01-01T00:00:00Z,
http://www.wikidata.org/entity/Q3539469,Triops,Parc Bagatelle,Vekoma Rides Manufacturing B.V.,,,,,1997-01-01T00:00:00Z,
http://www.wikidata.org/entity/Q3554352,Le Vampire,,Bolliger & Mabillard,,,,,,
http://www.wikidata.org/entity/Q3554352,Le Vampire,,Bolliger & Mabillard,,,,,,
http://www.wikidata.org/entity/Q3554409,Van Helsing's Factory,,Gerstlauer Amusement Rides GmbH,,,,,,
http://www.wikidata.org/entity/Q3564952,Wacky Soap Box Racers,Knott's Berry Farm,,,,,,,
http://www.wikidata.org/entity/Q3565964,Comet,Walygator Grand-Est,,,,,,,
http://www.wikidata.org/entity/Q3568102,WildCat,,,,,,,,
http://www.wikidata.org/entity/Q3568116,Wild Mouse,,Vekoma Rides Manufacturing B.V.,,,,,,
http://www.wikidata.org/entity/Q3569870,Woody Woodpecker's Nuthouse Coaster,,Vekoma Rides Manufacturing B.V.,,,,,,
http://www.wikidata.org/entity/Q3574493,Zach's Zoomer,,Custom Coasters International,,,,,,
http://www.wikidata.org/entity/Q3788552,Titan,,Arrow Dynamics,,,,,,
http://www.wikidata.org/entity/Q3927849,Jumbo Jet,Six Flags Great Adventure,Anton Schwarzkopf,,,,,,
http://www.wikidata.org/entity/Q3947495,Huracan,,ZIERER Karussell- und Spezialmaschinenbau GmbH & Co. KG,,,,,,
http://www.wikidata.org/entity/Q4026941,The Smiler,,Gerstlauer Amusement Rides GmbH,,,,,,
http://www.wikidata.org/entity/Q4501501,Excalibur,,,,,,,,
http://www.wikidata.org/entity/Q4519089,Q4519089,,,,,,,,
http://www.wikidata.org/entity/Q4698003,Air Grover,,ZIERER Karussell- und Spezialmaschinenbau GmbH & Co. KG,,,,,,
http://www.wikidata.org/entity/Q4734788,Alpen Blitz,Six Flags Great Adventure,Anton Schwarzkopf,,,,,,
http://www.wikidata.org/entity/Q4791978,Arkham Asylum – Shock Therapy,Warner Bros. Movie World,Vekoma Rides Manufacturing B.V.,,,,,,
http://www.wikidata.org/entity/Q4827461,Avalanche,,Mack Rides GmbH & Co KG,,,,,,
http://www.wikidata.org/entity/Q4827808,Avatar Airbender,Nickelodeon Universe,Intamin Amusement Rides Int. Corp. Est.,,,,,2008-03-15T00:00:00Z,
http://www.wikidata.org/entity/Q4839216,Back at the Barnyard Hayride,Nickelodeon Universe,Antonio Zamperla S.p.A,,,,,,
http://www.wikidata.org/entity/Q4839893,Backyardigans: Mission to Mars,,Vekoma Rides Manufacturing B.V.,,,,,,
http://www.wikidata.org/entity/Q4846352,Q4846352,,,,,,,,
http://www.wikidata.org/entity/Q4868452,Bat,Lagoon Amusement Park,Vekoma Rides Manufacturing B.V.,,,,,,
http://www.wikidata.org/entity/Q4878126,Beaver Land Mine Ride,Geauga Lake,ZIERER Karussell- und Spezialmaschinenbau GmbH & Co. KG,,,,,,
http://www.wikidata.org/entity/Q4885185,Accelerator,Drayton Manor Theme Park,Vekoma Rides Manufacturing B.V.,,,,,,
http://www.wikidata.org/entity/Q4888632,Muntanya Russa,,Vekoma Rides Manufacturing B.V.,,,,,,
http://www.wikidata.org/entity/Q4905578,Big Dipper,,,,,,,,
http://www.wikidata.org/entity/Q4905579,Big Dipper,Michigan's Adventure,Chance Rides,,,,,,
http://www.wikidata.org/entity/Q4920646,Black Diamond,Knoebels Amusement Resort,Philadelphia Toboggan Coasters,,,,,,
http://www.wikidata.org/entity/Q4943492,Boomerang,,Vekoma Rides Manufacturing B.V.,,,,,,
http://www.wikidata.org/entity/Q4943496,Boomerang,Worlds of Fun,Vekoma Rides Manufacturing B.V.,,,,,2000-04-08T00:00:00Z,
http://www.wikidata.org/entity/Q5003493,BuzzSaw,Dreamworld,Maurer Söhne,,,,,2011-09-17T00:00:00Z,
http://www.wikidata.org/entity/Q5016151,Wild Kitty,,Allan Herschell Company,,,,,,
http://www.wikidata.org/entity/Q5032751,Cannon Ball,Lake Winnepesaukah,Philadelphia Toboggan Coasters,,,,,,
http://www.wikidata.org/entity/Q5032828,Cannonball Run,Waterville USA,Custom Coasters International,,,,,,
http://www.wikidata.org/entity/Q5034175,Canyon Blaster (Great Escape),Great Escape,Arrow Dynamics,,,,,,
http://www.wikidata.org/entity/Q5044796,The Flying Cobras,Carowinds,Vekoma Rides Manufacturing B.V.,,,,,,
http://www.wikidata.org/entity/Q5044835,Carolina Goldrusher,,Arrow Dynamics,,,,,,
http://www.wikidata.org/entity/Q5054223,Catwoman's Whip,Six Flags New England,ZIERER Karussell- und Spezialmaschinenbau GmbH & Co. KG,,,,,,
http://www.wikidata.org/entity/Q5062755,Centrifugal railway,,,,,,,,
http://www.wikidata.org/entity/Q5078253,Q5078253,,,,,,,,
http://www.wikidata.org/entity/Q5132836,Cliffhanger,,,,,,,,
http://www.wikidata.org/entity/Q5138207,Coast Rider,Knott's Berry Farm,Mack Rides GmbH & Co KG,,,,,,
http://www.wikidata.org/entity/Q5138963,Cobra,,,,,,,,
http://www.wikidata.org/entity/Q5138964,Cobra,,Vekoma Rides Manufacturing B.V.,,,,,,
http://www.wikidata.org/entity/Q5138965,Cobra,Tivoli Friheden,Sartori Rides,,21.00076134,399.98982738,,2008-06-27T00:00:00Z,2022-07-14T00:00:00Z
http://www.wikidata.org/entity/Q5149145,Colossus the Fire Dragon,Lagoon Amusement Park,Anton Schwarzkopf,,,,,,
http://www.wikidata.org/entity/Q5151571,Comet,,Philadelphia Toboggan Coasters,,,,,,
http://www.wikidata.org/entity/Q5151573,Comet,,National Amusement Devices,,,,,,
http://www.wikidata.org/entity/Q5151607,Comet Express,Lotte World,Intamin Amusement Rides Int. Corp. Est.,,,,,,
http://www.wikidata.org/entity/Q5170867,Corkscrew,Playland,Vekoma Rides Manufacturing B.V.,,,,,,
http://www.wikidata.org/entity/Q5172743,Batgirl Coaster Chase,,Vekoma Rides Manufacturing B.V.,,,,,,
http://www.wikidata.org/entity/Q5174058,Cosmic Coaster,,Antonio Zamperla S.p.A,,,,,,
http://www.wikidata.org/entity/Q5174059,Cosmic Coaster,Worlds of Fun,Preston & Barbieri,,,,,1993-04-03T00:00:00Z,
http://www.wikidata.org/entity/Q5174059,Cosmic Coaster,Worlds of Fun,Preston & Barbieri,,,,,1993-04-03T00:00:00Z,
http://www.wikidata.org/entity/Q5261501,Derby Racer,,,,,,,,
http://www.wikidata.org/entity/Q7572427,Space Mountain,Disneyland,Dynamic Structures,,,,,1977-05-27T00:00:00Z,
http://www.wikidata.org/entity/Q7572428,Space Mountain,,,,,,,,
http://www.wikidata.org/entity/Q7572494,Space Shuttle Max,,Vekoma Rides Manufacturing B.V.,,,,,1995-07-28T00:00:00Z,
http://www.wikidata.org/entity/Q7577010,Spider,,Maurer Söhne,,,,,,
http://www.wikidata.org/entity/Q7577615,Spinning Dragons,Worlds of Fun,Gerstlauer Amusement Rides GmbH,,,,,2004-04-17T00:00:00Z,
http://www.wikidata.org/entity/Q7577615,Spinning Dragons,Worlds of Fun,Gerstlauer Amusement Rides GmbH,,,,,2004-04-17T00:00:00Z,
http://www.wikidata.org/entity/Q7605471,Steamin' Demon,,Arrow Dynamics,,,,,,
http://www.wikidata.org/entity/Q7605666,Steel Dragon,Waldameer Park,Maurer Söhne,,,,,,
http://www.wikidata.org/entity/Q7605670,Steel First,,Allan Herschell Company,,,,,,
http://www.wikidata.org/entity/Q7605686,Steel Lasso,Frontier City,Vekoma Rides Manufacturing B.V.,,,,,,
http://www.wikidata.org/entity/Q7646145,Surfrider,,Intamin Amusement Rides Int. Corp. Est.,,,,,,
http://www.wikidata.org/entity/Q7653328,Swamp Fox,,Philadelphia Toboggan Coasters,,,,,,
http://www.wikidata.org/entity/Q7653346,Swamp Thing,,Vekoma Rides Manufacturing B.V.,,,,,,
http://www.wikidata.org/entity/Q7708177,Texas Tornado,Wonderland Park,Hopkins Rides,,24.4,624.8,,1985-01-01T00:00:00Z,
http://www.wikidata.org/entity/Q7715787,The Bat,,,,,,,,
http://www.wikidata.org/entity/Q7718972,The Bobs,Riverview Park,,,,,,,
http://www.wikidata.org/entity/Q7720713,The Bush Beast,Wonderland Sydney,Taft Broadcasting,,,,,,
http://www.wikidata.org/entity/Q7738325,The Grizzly,California's Great America,,,,,,,
http://www.wikidata.org/entity/Q7798217,Thrillseeker,,,,,,,,
http://www.wikidata.org/entity/Q7799028,Thunder Run,,Mack Rides GmbH & Co KG,,,,,,
http://www.wikidata.org/entity/Q7799067,Thunderation,Silver Dollar City,Arrow Dynamics,,,,,,
http://www.wikidata.org/entity/Q7799110,Thunderbolt,,Sanoyas Hishino Meisho,,,,,,
http://www.wikidata.org/entity/Q7799116,Thunderbolt Express,,Arrow Dynamics,,,,,,
http://www.wikidata.org/entity/Q7799143,Thunderhawk,,Vekoma Rides Manufacturing B.V.,,,,,,
http://www.wikidata.org/entity/Q7801307,Tig'rr Coaster,Indiana Beach,Anton Schwarzkopf,,,,,,
http://www.wikidata.org/entity/Q7805206,Time Warp,,Antonio Zamperla S.p.A,,,,,,
http://www.wikidata.org/entity/Q7811715,Toboggan,Conneaut Lake Park,Chance Rides,,,,,,
http://www.wikidata.org/entity/Q7811716,Toboggan,Hersheypark,Chance Rides,,,,,,
http://www.wikidata.org/entity/Q7811717,Toboggan,,Chance Rides,,,,,,
http://www.wikidata.org/entity/Q7825974,Tornado,Adventureland,,,,,,,
http://www.wikidata.org/entity/Q7825977,Tornado,,,,,,,,
http://www.wikidata.org/entity/Q7832773,Trailblazer,,Arrow Dynamics,,,,,,
http://www.wikidata.org/entity/Q7837569,Tree Topper,,,,,,,,
http://www.wikidata.org/entity/Q7853814,Turbo Mountain,,,,,,,,
http://www.wikidata.org/entity/Q7880492,Ultra Twister,Nagashima Spa Land,TOGO,,,,,,
http://www.wikidata.org/entity/Q7883822,Undertow,Santa Cruz Beach Boardwalk,Maurer Söhne,,,,,,
http://www.wikidata.org/entity/Q7887822,Boomerang,Mid America Adventure,Vekoma Rides Manufacturing B.V.,,,,,,
http://www.wikidata.org/entity/Q7897563,Untamed,Canobie Lake Park,Gerstlauer Amusement Rides GmbH,,,,,,
http://www.wikidata.org/entity/Q7918748,Vekoma Illusion,Bobbejaanland,Vekoma Rides Manufacturing B.V.,,,,,,
http://www.wikidata.org/entity/Q7929486,Viking Voyage,,E&F Miler Industries,,,,,,
http://www.wikidata.org/entity/Q7958638,Wabash Cannonball,,Arrow Development,,,,,,
http://www.wikidata.org/entity/Q7993787,WhirlWind,Seabreeze Amusement Park,Maurer Söhne,,,,,,
http://www.wikidata.org/entity/Q7993818,Bocaraca,,Vekoma Rides Manufacturing B.V.,,,,,,
http://www.wikidata.org/entity/Q8000523,Wild Beast,,,,,,,,
http://www.wikidata.org/entity/Q8000575,Wild Cat,Hersheypark,Philadelphia Toboggan Coasters,,,,,,
http://www.wikidata.org/entity/Q8000725,Wild Mouse,Hersheypark,Mack Rides GmbH & Co KG,,,,,,
http://www.wikidata.org/entity/Q8026689,Wipeout,Pleasurewood Hills,Vekoma Rides Manufacturing B.V.,,,,,,
http://www.wikidata.org/entity/Q8033425,Woodstock Express,,Philadelphia Toboggan Coasters,,,,,,
http://www.wikidata.org/entity/Q8033426,Woodstock Express,,Vekoma Rides Manufacturing B.V.,steel,,,,1999-05-10T00:00:00Z,
http://www.wikidata.org/entity/Q8033427,Woodstock Express,Dorney Park & Wildwater Kingdom,Antonio Zamperla S.p.A,,,,,,
http://www.wikidata.org/entity/Q8033428,Woodstock Express,,Philadelphia Toboggan Coasters,,,,,,
http://www.wikidata.org/entity/Q8041435,X-Coaster,Magic Springs and Crystal Falls,Maurer Söhne,,,,,,
http://www.wikidata.org/entity/Q8065664,Montaña Rusa,National Coffee Park,Anton Schwarzkopf,,,,,1997-01-01T00:00:00Z,
http://www.wikidata.org/entity/Q8072661,Zippin Pippin,Bay Beach Amusement Park,The Gravity Group,,,,,,
http://www.wikidata.org/entity/Q8074180,Zoomerang,,Vekoma Rides Manufacturing B.V.,,,,,,
http://www.wikidata.org/entity/Q8074183,Zoomerang,Lake Compounce,Vekoma Rides Manufacturing B.V.,,,,,,
http://www.wikidata.org/entity/Q8075743,Zydeco Scream,,Vekoma Rides Manufacturing B.V.,,,,,,
http://www.wikidata.org/entity/Q8564121,Flying Ace Aerial Chase,,Vekoma Rides Manufacturing B.V.,,,,,,
http://www.wikidata.org/entity/Q9358657,Diabelska pętla,,,,,,,,
http://www.wikidata.org/entity/Q10393876,Windstorm,,,,,,,,
http://www.wikidata.org/entity/Q10453412,Circus Express,Liseberg,,,,,,1977-01-01T00:00:00Z,2008-01-01T00:00:00Z
http://www.wikidata.org/entity/Q10502454,Gamla bergbanan,Liseberg,,,,,,1923-05-19T00:00:00Z,1987-09-20T00:00:00Z
http://www.wikidata.org/entity/Q10563200,Lisebergsloopen,Liseberg,,,,,,1980-01-01T00:00:00Z,1995-01-01T00:00:00Z
http://www.wikidata.org/entity/Q10648267,Rabalder,Liseberg,,,,,,2009-01-01T00:00:00Z,
http://www.wikidata.org/entity/Q10658106,Rutschebanen,Dyrehavsbakken,,,22.00660332,852.00911718,,1932-05-16T00:00:00Z,
http://www.wikidata.org/entity/Q10675919,Spinner,Skara Sommarland,,,,,,,
http://www.wikidata.org/entity/Q10683987,Q10683987,Liseberg,,,,,,,
http://www.wikidata.org/entity/Q10699939,Tony Hawk's Big Spin,,,,,,,,
http://www.wikidata.org/entity/Q10701240,Tranan,Skara Sommarland,S&S Worldwide,,,,,,
http://www.wikidata.org/entity/Q11191475,Q11191475,,,,,,,,
http://www.wikidata.org/entity/Q11704022,Space Mountain,,,,,,,,
http://www.wikidata.org/entity/Q11872623,Korkkiruuvi,Särkänniemi,Vekoma Rides Manufacturing B.V.,,,,,,
http://www.wikidata.org/entity/Q12010552,Western Express,Tusenfryd,,,,,,,
http://www.wikidata.org/entity/Q12060067,High Speed Thrill Coaster,Knoebels Amusement Resort,,,,,,,
http://www.wikidata.org/entity/Q12325227,Lynet,Fårup Summer Park,Gerstlauer Amusement Rides GmbH,,539.98474296,19.99491936,,2008-06-05T00:00:00Z,
http://www.wikidata.org/entity/Q13415786,Knightmare,Camelot Theme Park,ZIERER Karussell- und Spezialmaschinenbau GmbH & Co. KG,,,,,2007-07-01T00:00:00Z,2012-09-02T00:00:00Z
http://www.wikidata.org/entity/Q13629857,Harley Quinn Crazy Train,Six Flags Great Adventure,ZIERER Karussell- und Spezialmaschinenbau GmbH & Co. KG,,,,,,
http://www.wikidata.org/entity/Q13642235,Q13642235,,,,,,,,
http://www.wikidata.org/entity/Q14686576,White Lightning,,Great Coasters International,wood,,,,,
http://www.wikidata.org/entity/Q14688824,The Howler,,Antonio Zamperla S.p.A,,,,,,
http://www.wikidata.org/entity/Q14705421,Yankee Cannonball,Canobie Lake Park,Philadelphia Toboggan Coasters,,,,,,
http://www.wikidata.org/entity/Q14705861,Rollies Coaster,,Pinfari,,,,,,
http://www.wikidata.org/entity/Q14709813,Blazing Fury (dark ride),Dollywood,Herschend Family Entertainment,,,,,,
http://www.wikidata.org/entity/Q14711399,Viper (Six Flags AstroWorld),,,,,,,,
http://www.wikidata.org/entity/Q14715154,Wooden Warrior,Quassy Amusement Park,The Gravity Group,,,,,,
http://www.wikidata.org/entity/Q14754866,White Canyon,Yomiuriland,Roller Coaster Corporation of America,wood,,,,,
http://www.wikidata.org/entity/Q14754866,White Canyon,Yomiuriland,TOGO,wood,,,,,
http://www.wikidata.org/entity/Q14875488,Wonder Mountain's Guardian,,,,,,,,
http://www.wikidata.org/entity/Q14935414,Eureka Mountain Mine Ride,,,,,,,,
http://www.wikidata.org/entity/Q14935856,Abyss,,Gerstlauer Amusement Rides GmbH,,,,,,
http://www.wikidata.org/entity/Q14942023,Jimmy Neutron's Atomic Flyer,,Vekoma Rides Manufacturing B.V.,,,,,,
http://www.wikidata.org/entity/Q15044164,Flip Flap Railway,Sea Lion Park,,wood,,,,,
http://www.wikidata.org/entity/Q15046118,Loop the Loop,,,,,,,,
http://www.wikidata.org/entity/Q15046119,Loop the Loop,,,,,,,,
http://www.wikidata.org/entity/Q15046120,Loop the Loop,,,,,,,,
http://www.wikidata.org/entity/Q15047488,Backety-Back Scenic Railway,,,,,,,,
http://www.wikidata.org/entity/Q15047489,Cyclone (Revere Beach),,,,,,,,
http://www.wikidata.org/entity/Q15047492,Goliath (Six Flags Great America),,Rocky Mountain Construction,,,,,,
http://www.wikidata.org/entity/Q15047496,Rollo Coaster,,Philadelphia Toboggan Coasters,,,,,,
http://www.wikidata.org/entity/Q15047502,Wooden Coaster - Fireball,Happy Valley Shanghai,Martin & Vleminckx,,,,,,
http://www.wikidata.org/entity/Q5264027,Desert Storm,,Hopkins Rides,,,,,,
http://www.wikidata.org/entity/Q5296958,Doo Wopper,,Antonio Zamperla S.p.A,,,,,,
http://www.wikidata.org/entity/Q5305095,Dragon,,Hopkins Rides,,,,,,
http://www.wikidata.org/entity/Q5305180,Dragon Coaster,,,,,,,,
http://www.wikidata.org/entity/Q5305194,Dragon Express,Adventure World,Antonio Zamperla S.p.A,,,,,,
http://www.wikidata.org/entity/Q5378918,Cannonball Express,,Anton Schwarzkopf,,,,,,
http://www.wikidata.org/entity/Q5397015,Escape from Madagascar,Dreamworld,Vekoma Rides Manufacturing B.V.,,,,,,
http://www.wikidata.org/entity/Q5422465,Extremeroller,Worlds of Fun,Arrow Dynamics,,,,,1976-04-10T00:00:00Z,
http://www.wikidata.org/entity/Q5430561,Fairly Odd Coaster,Nickelodeon Universe,Gerstlauer Amusement Rides GmbH,,,,,,
http://www.wikidata.org/entity/Q5451597,Fire on the Mountain,,Herschend Family Entertainment,,,,,,
http://www.wikidata.org/entity/Q5454705,Road Runner Express,Six Flags Magic Mountain,Vekoma Rides Manufacturing B.V.,,,,,,
http://www.wikidata.org/entity/Q5459774,Flitzer,,ZIERER Karussell- und Spezialmaschinenbau GmbH & Co. KG,,,,,,
http://www.wikidata.org/entity/Q5463415,Flying Fish,Thorpe Park,Mack Rides GmbH & Co KG,,,,,,
http://www.wikidata.org/entity/Q5463415,Flying Fish,Thorpe Park,Mack Rides GmbH & Co KG,,,,,,
http://www.wikidata.org/entity/Q5463484,Parrot Coaster,,Bolliger & Mabillard,,,,,,
http://www.wikidata.org/entity/Q5463536,Flying Super Saturator,Carowinds,,,,,,,
http://www.wikidata.org/entity/Q5490199,Trombi,Särkänniemi,Antonio Zamperla S.p.A,,,,,,
http://www.wikidata.org/entity/Q5491104,Frankie’s Mine Train,,Antonio Zamperla S.p.A,,,,,,
http://www.wikidata.org/entity/Q5557058,Ghost Chasers,,Mack Rides GmbH & Co KG,,,,,,
http://www.wikidata.org/entity/Q5557058,Ghost Chasers,,Mack Rides GmbH & Co KG,,,,,,
http://www.wikidata.org/entity/Q5569937,Glissade,Busch Gardens Williamsburg,Anton Schwarzkopf,,,,,,
http://www.wikidata.org/entity/Q5578883,Gold Striker,California's Great America,Great Coasters International,,,,,,
http://www.wikidata.org/entity/Q5594532,Grand Exposition Coaster,,Antonio Zamperla S.p.A,,,,,,
http://www.wikidata.org/entity/Q5598953,Great Chase,,Antonio Zamperla S.p.A,,,,,,
http://www.wikidata.org/entity/Q5602481,Green Dragon,,,,,,,,
http://www.wikidata.org/entity/Q5611500,Grover's Alpine Express,,ZIERER Karussell- und Spezialmaschinenbau GmbH & Co. KG,,,,,,
http://www.wikidata.org/entity/Q5628007,Tiger Express,,Mack Rides GmbH & Co KG,,,,,,
http://www.wikidata.org/entity/Q5652980,7 Picos,,,,,,,,
http://www.wikidata.org/entity/Q5898663,Hoot N Holler,Six Flags Darien Lake,ZIERER Karussell- und Spezialmaschinenbau GmbH & Co. KG,,,,,,
http://www.wikidata.org/entity/Q5947056,Hurricane: Category 5,,Custom Coasters International,,,,,,
http://www.wikidata.org/entity/Q6188910,Jet Star,,,,,,,,
http://www.wikidata.org/entity/Q6189183,Jetstream,Riverview Park,Philadelphia Toboggan Coasters,,,,,,
http://www.wikidata.org/entity/Q6298633,Wilderness Run,,Intamin Amusement Rides Int. Corp. Est.,steel,,,,1979-01-01T00:00:00Z,
http://www.wikidata.org/entity/Q6375124,Katapult,,,,,,,,
http://www.wikidata.org/entity/Q6404685,Kiddie Coaster,,,,,,,,
http://www.wikidata.org/entity/Q6412474,Kingdom Coaster,Dutch Wonderland,Custom Coasters International,,,,,,
http://www.wikidata.org/entity/Q6435353,Kozmo's Kurves,,E&F Miler Industries,,,,,,
http://www.wikidata.org/entity/Q6546415,Lightning,,,,,,,,
http://www.wikidata.org/entity/Q6649783,Little Dipper,,Allan Herschell Company,,,,,,
http://www.wikidata.org/entity/Q6649785,Little Dipper,,Allan Herschell Company,,,,,,
http://www.wikidata.org/entity/Q6649788,Little Dipper,,Philadelphia Toboggan Coasters,,,,,,
http://www.wikidata.org/entity/Q6650672,Little Leaper,,Allan Herschell Company,,,,,,
http://www.wikidata.org/entity/Q6665921,Loco-Loco,,E&F Miler Industries,,,,,,
http://www.wikidata.org/entity/Q6675884,Looping Star,Aberdeen,Pinfari,,,,,,
http://www.wikidata.org/entity/Q6675885,Looping Star,,,,,,,,
http://www.wikidata.org/entity/Q6675885,Looping Star,,,,,,,,
http://www.wikidata.org/entity/Q6698139,Lucy's Crabbie Cabbie,,E&F Miler Industries,,,,,,
http://www.wikidata.org/entity/Q6726024,Mad Mouse,,Arrow Dynamics,,,,,,
http://www.wikidata.org/entity/Q6726029,Mad Mouse,,Arrow Dynamics,,,,,,
http://www.wikidata.org/entity/Q6784982,Master Blaster,,,,,,,,
http://www.wikidata.org/entity/Q6807346,Medusa,Six Flags México,Rocky Mountain Construction,,,,,,
http://www.wikidata.org/entity/Q6807346,Medusa,Six Flags México,Custom Coasters International,,,,,,
http://www.wikidata.org/entity/Q6807346,Medusa,Six Flags México,Rocky Mountain Construction,,,,,,
http://www.wikidata.org/entity/Q6807346,Medusa,Six Flags México,Custom Coasters International,,,,,,
http://www.wikidata.org/entity/Q6838149,Mick Doohan's Motocoaster,,Intamin Amusement Rides Int. Corp. Est.,,,,,,
http://www.wikidata.org/entity/Q6850884,Mild Thing,,Allan Herschell Company,,,,,,
http://www.wikidata.org/entity/Q6905507,Montezum,Hopi Hari,Roller Coaster Corporation of America,,,,,,
http://www.wikidata.org/entity/Q6917959,Moto Coaster,Six Flags Darien Lake,Antonio Zamperla S.p.A,,,,,,
http://www.wikidata.org/entity/Q6942841,Muskrat Scrambler,,,,,,,,
http://www.wikidata.org/entity/Q7095506,Opa,,Antonio Zamperla S.p.A,,,,,,
http://www.wikidata.org/entity/Q7112112,Outlaw,,Custom Coasters International,,,,,,
http://www.wikidata.org/entity/Q7116517,Ozark Wildcat,Celebration City,Great Coasters International,,,,,,
http://www.wikidata.org/entity/Q7166496,Pepsi Orange Streak,Nickelodeon Universe,ZIERER Karussell- und Spezialmaschinenbau GmbH & Co. KG,,,,,,
http://www.wikidata.org/entity/Q7197267,Pipeline Express,Boardwalk Fun Park,,,,,,,
http://www.wikidata.org/entity/Q7209057,Polar X-plorer,Legoland Billund,ZIERER Karussell- und Spezialmaschinenbau GmbH & Co. KG,,18.98907738,497.98322028,,2012-04-29T00:00:00Z,
http://www.wikidata.org/entity/Q7263917,Python,Busch Gardens Tampa,Arrow Dynamics,,,,,,
http://www.wikidata.org/entity/Q7263918,Python,,Pinfari,,,,,,
http://www.wikidata.org/entity/Q7275993,RC-48,,Pinfari,,,,,,
http://www.wikidata.org/entity/Q7290001,Rampage,Alabama Adventure & Splash Adventure,Custom Coasters International,,,,,,
http://www.wikidata.org/entity/Q7294369,Raptor Attack,,,,,,,,
http://www.wikidata.org/entity/Q7295985,Rattlesnake,,Maurer Söhne,,,,,,
http://www.wikidata.org/entity/Q7296753,Ravine Flyer III,,E&F Miler Industries,,,,,,
http://www.wikidata.org/entity/Q7302076,Rebel Yell,,,,,,,,
http://www.wikidata.org/entity/Q7332308,Ricochet,,Mack Rides GmbH & Co KG,,,,,,
http://www.wikidata.org/entity/Q7332308,Ricochet,,Mack Rides GmbH & Co KG,,,,,,
http://www.wikidata.org/entity/Q7339402,Road Runner Express,,Antonio Zamperla S.p.A,,,,,,
http://www.wikidata.org/entity/Q7339403,Road Runner Rollercoaster,Warner Bros. Movie World,Vekoma Rides Manufacturing B.V.,,,,,,
http://www.wikidata.org/entity/Q7354832,Rock n' Roller Coaster,,,,,,,,
http://www.wikidata.org/entity/Q7355331,Rockin' Roller,,,,,,,,
http://www.wikidata.org/entity/Q7361011,Roller Coaster,Đại Nam Văn Hiến,,,,,,,
http://www.wikidata.org/entity/Q7361012,Roller Coaster,Lagoon Amusement Park,,,,,,,
http://www.wikidata.org/entity/Q7361013,Roller Coaster,Dam Sen Cultural Park,,,,,,,
http://www.wikidata.org/entity/Q7361018,Roller Coaster,Suối Tiên Theme Park,Vekoma Rides Manufacturing B.V.,,,,,,
http://www.wikidata.org/entity/Q7361042,Roller Skater,Kentucky Kingdom,Vekoma Rides Manufacturing B.V.,,,,,,
http://www.wikidata.org/entity/Q7370852,Rough Riders,,,,,,,1907-01-01T00:00:00Z,1914-01-01T00:00:00Z
http://www.wikidata.org/entity/Q7403532,Salama,Linnanmäki,Maurer Söhne,,17,420,,2008-04-25T00:00:00Z,
http://www.wikidata.org/entity/Q7419418,Santa Cruz Looff Carousel and Roller Coaster,Santa Cruz Beach Boardwalk,,,,,,,
http://www.wikidata.org/entity/Q7433043,Schussboomer,Worlds of Fun,Anton Schwarzkopf,,,,,1973-05-26T00:00:00Z,
http://www.wikidata.org/entity/Q7434348,Scooby's Ghoster Coaster,Kings Island,Caripro,,,,,,
http://www.wikidata.org/entity/Q7434362,Scooby-Doo Spooky Coaster,,Mack Rides GmbH & Co KG,,,,,,
http://www.wikidata.org/entity/Q7439875,Sea Dragon,Columbus Zoo and Aquarium,Philadelphia Toboggan Coasters,,,,,,
http://www.wikidata.org/entity/Q7439993,Sea Serpent,,Vekoma Rides Manufacturing B.V.,,,,,,
http://www.wikidata.org/entity/Q7440039,Sea Viper,Sea World,Arrow Dynamics,,,,,,
http://www.wikidata.org/entity/Q7499849,Shock Wave,,Pinfari,,,,,,
http://www.wikidata.org/entity/Q7505695,Shuttle Loop,,Anton Schwarzkopf,,,,,,
http://www.wikidata.org/entity/Q7508554,Jolly Rancher Remix,Hersheypark,Vekoma Rides Manufacturing B.V.,,,,,,
http://www.wikidata.org/entity/Q7508555,Sidewinder,,Arrow Dynamics,,,,,,
http://www.wikidata.org/entity/Q7537977,Freestyle,,TOGO,,,,,,
http://www.wikidata.org/entity/Q7549857,Soarin' Eagle,,Antonio Zamperla S.p.A,,,,,,
http://www.wikidata.org/entity/Q7572345,Space Fantasy: The Ride,Universal Studios Japan,Mack Rides GmbH & Co KG,,,,,,
http://www.wikidata.org/entity/Q15047501,Wood Coaster (Mountain Flyer),,Great Coasters International,,,,,,
http://www.wikidata.org/entity/Q15047510,FireChaser Express,Dollywood,Gerstlauer Amusement Rides GmbH,,,,,2014-03-22T00:00:00Z,
http://www.wikidata.org/entity/Q15047519,Iron Shark,,Gerstlauer Amusement Rides GmbH,,,,,,
http://www.wikidata.org/entity/Q15047522,Joust,Dutch Wonderland,,,,,,,
http://www.wikidata.org/entity/Q15047523,Jumbo Jet (Morey's Piers),Morey's Piers,,,,,,,
http://www.wikidata.org/entity/Q15047526,Mini-Comet,Hersheypark,B.A. Schiff & Associates,,,,,,
http://www.wikidata.org/entity/Q15047527,Nitro (Adlabs Imagica),Imagicaa,Bolliger & Mabillard,,,,,,
http://www.wikidata.org/entity/Q15047782,Storm Coaster,Sea World,Mack Rides GmbH & Co KG,,,,,,
http://www.wikidata.org/entity/Q15047794,Twist n' Shout,,,,,,,,
http://www.wikidata.org/entity/Q15047841,Flug der Dämonen,Heide Park,Bolliger & Mabillard,,,,,,
http://www.wikidata.org/entity/Q15077669,K3 Roller Skater,Plopsaland Belgium,,,,,,,
http://www.wikidata.org/entity/Q15077974,Q15077974,,,,,,,,
http://www.wikidata.org/entity/Q15115792,Journey to Atlantis,,Mack Rides GmbH & Co KG,,,,,,
http://www.wikidata.org/entity/Q15115792,Journey to Atlantis,,Mack Rides GmbH & Co KG,,,,,,
http://www.wikidata.org/entity/Q15139137,Aftershock,,,,,,,,
http://www.wikidata.org/entity/Q15149852,Alpina Blitz,,Mack Rides GmbH & Co KG,,,,,,
http://www.wikidata.org/entity/Q15207176,Canopy Flyer,Universal Studios Singapore,,,,,,,
http://www.wikidata.org/entity/Q15216634,Enchanted Airways,Universal Studios Singapore,Vekoma Rides Manufacturing B.V.,,,,,,
http://www.wikidata.org/entity/Q16181310,Eagle Fortress,,Arrow Dynamics,,,,,1992-09-08T00:00:00Z,2009-01-01T00:00:00Z
http://www.wikidata.org/entity/Q16201762,Harry Potter and the Escape from Gringotts,Diagon Alley,Intamin Amusement Rides Int. Corp. Est.,,,,,2014-07-08T00:00:00Z,
http://www.wikidata.org/entity/Q16325217,Scorpion Express,Chessington World of Adventures,Mack Rides GmbH & Co KG,,,,,,
http://www.wikidata.org/entity/Q16585246,Ortobruco Tour,Gardaland,Pinfari,,,,,,
http://www.wikidata.org/entity/Q16665502,Mulholland Madness,,,,,,,,2010-10-01T00:00:00Z
http://www.wikidata.org/entity/Q16682855,Vleermuis,,,,,,,2000-01-01T00:00:00Z,2018-01-01T00:00:00Z
http://www.wikidata.org/entity/Q16682855,Vleermuis,,,,,,,2000-01-01T00:00:00Z,2018-01-01T00:00:00Z
http://www.wikidata.org/entity/Q16899487,Runaway Train,Chessington World of Adventures,Mack Rides GmbH & Co KG,,,,,,
http://www.wikidata.org/entity/Q16930998,Dragon Wagon,,,,,,,,
http://www.wikidata.org/entity/Q16968585,Ricochet,,Mack Rides GmbH & Co KG,,,,,,
http://www.wikidata.org/entity/Q17033480,Thunderbolt,Luna Park,Antonio Zamperla S.p.A,,,,,,
http://www.wikidata.org/entity/Q17080357,Adlabs Imagica Deep Space,Imagicaa,Premier Rides,,,,,,
http://www.wikidata.org/entity/Q17361975,Goliath,Six Flags New England,Vekoma Rides Manufacturing B.V.,,,,,,
http://www.wikidata.org/entity/Q17514642,Vortex,,Arrow Dynamics,,,,,,
http://www.wikidata.org/entity/Q17562408,Q17562408,,,,,,,,
http://www.wikidata.org/entity/Q17985775,Batman: The Ride,Six Flags Fiesta Texas,S&S Worldwide,,,,,,
http://www.wikidata.org/entity/Q17986250,Cannibal,Lagoon Amusement Park,,,,,,2015-07-02T00:00:00Z,
http://www.wikidata.org/entity/Q17986714,Crazy Bird,Happy Valley Tianjin,S&S Worldwide,,,,,,
http://www.wikidata.org/entity/Q18019286,The Oath of KÄRNAN,Hansa Park,Gerstlauer Amusement Rides GmbH,,,,,,
http://www.wikidata.org/entity/Q18089056,Q18089056,,,,,,,,
http://www.wikidata.org/entity/Q18149791,El Loco,,S&S Worldwide,,,,,,
http://www.wikidata.org/entity/Q18150522,Fury 325,Carowinds,Bolliger & Mabillard,,,,,,
http://www.wikidata.org/entity/Q18152677,Jet Star 2,,,,,,,,
http://www.wikidata.org/entity/Q18153602,Lightning Run,Kentucky Kingdom,Chance Rides,,,,,,
http://www.wikidata.org/entity/Q18158819,Thunderbird,Holiday World & Splashin' Safari,Bolliger & Mabillard,,,,,,
http://www.wikidata.org/entity/Q18159280,Wild Mouse,,Maurer Söhne,,,,,,
http://www.wikidata.org/entity/Q18207905,Hundeprutterutchebane,BonBon-Land,ZIERER Karussell- und Spezialmaschinenbau GmbH & Co. KG,,4.51104888,126.00456804,,,
http://www.wikidata.org/entity/Q18210308,BomBora,Lagoon Amusement Park,,,,,,2011-04-02T00:00:00Z,
http://www.wikidata.org/entity/Q18285989,Q18285989,,,,,,,,
http://www.wikidata.org/entity/Q18354212,Eurofighter,Zoosafari Fasanolandia,Gerstlauer Amusement Rides GmbH,,,,,,
http://www.wikidata.org/entity/Q18355292,Twist Coaster Robin,Yomiuriland,Sansei Technologies,,,,,,
http://www.wikidata.org/entity/Q18378567,Skyscraper,Skyplex,Intamin Amusement Rides Int. Corp. Est.,,,,,,
http://www.wikidata.org/entity/Q18379295,Whirl Pool Dips,,,,,,,,
http://www.wikidata.org/entity/Q18379750,Wildfire,Kolmården Wildlife Park,Rocky Mountain Construction,,,,,2016-06-28T00:00:00Z,
http://www.wikidata.org/entity/Q18545696,Backlot Stunt Coaster,Kings Island,,,,,,,
http://www.wikidata.org/entity/Q18660853,MotoGee,Särkänniemi,Antonio Zamperla S.p.A,,,,,,
http://www.wikidata.org/entity/Q18745501,Q18745501,,,,,,,,
http://www.wikidata.org/entity/Q18763206,Oblivion: The Black Hole,Gardaland,Bolliger & Mabillard,,42.5,,,2015-03-28T00:00:00Z,
http://www.wikidata.org/entity/Q19279678,Flying Tiger,Safariland Stukenbrock,,,,,,,
http://www.wikidata.org/entity/Q19309296,Q19309296,,,,,,,,
http://www.wikidata.org/entity/Q19332764,New Mexico Rattler,Cliff's Amusement Park,Custom Coasters International,,,,,,
http://www.wikidata.org/entity/Q19703867,Q19703867,,,,,,,,
http://www.wikidata.org/entity/Q19710707,Tukkijoki,Särkänniemi,,,,440,,,
http://www.wikidata.org/entity/Q19765421,Q19765421,Lichtaart,,,,,,,
http://www.wikidata.org/entity/Q19765421,Q19765421,Bobbejaanland,,,,,,,
http://www.wikidata.org/entity/Q19765769,Q19765769,Lichtaart,,,,,,,
http://www.wikidata.org/entity/Q19765769,Q19765769,Bobbejaanland,,,,,,,
http://www.wikidata.org/entity/Q19835565,Bobsled Coaster,,Gerstlauer Amusement Rides GmbH,,,,,,
http://www.wikidata.org/entity/Q19962206,Devil’s Mine,Fort Fun Abenteuerland,,,,,,,
http://www.wikidata.org/entity/Q19971401,Rattenmühle,Sankt Margarethen im Burgenland,,,,,,,
http://www.wikidata.org/entity/Q19974087,Looping Star,Lichtaart,,,,,,,
http://www.wikidata.org/entity/Q20055172,Impulse,,ZIERER Karussell- und Spezialmaschinenbau GmbH & Co. KG,,,,,,
http://www.wikidata.org/entity/Q20487039,Laff Trakk,Hersheypark,Maurer Söhne,,,,,,
http://www.wikidata.org/entity/Q20487039,Laff Trakk,Hersheypark,Maurer Söhne,,,,,,
http://www.wikidata.org/entity/Q20487039,Laff Trakk,Hersheypark,Maurer Söhne,,,,,,
http://www.wikidata.org/entity/Q20648687,Tempesto,Busch Gardens Williamsburg,Premier Rides,,,,,,
http://www.wikidata.org/entity/Q20710758,Wild Mouse,,Antonio Zamperla S.p.A,,,,,,
http://www.wikidata.org/entity/Q20925120,Wicked Cyclone,Six Flags New England,Rocky Mountain Construction,,,,,2015-05-24T00:00:00Z,
http://www.wikidata.org/entity/Q20962800,Valravn,,Bolliger & Mabillard,steel,,,,2016-05-07T00:00:00Z,
http://www.wikidata.org/entity/Q21008851,Q21008851,Lichtaart,Vekoma Rides Manufacturing B.V.,,,,,,
http://www.wikidata.org/entity/Q21012219,Q21012219,,ZIERER Karussell- und Spezialmaschinenbau GmbH & Co. KG,,,,,,
http://www.wikidata.org/entity/Q21037204,Q21037204,,,,,,,,
http://www.wikidata.org/entity/Q21037228,Q21037228,,,,,,,,
http://www.wikidata.org/entity/Q21037241,Berg och dalbanan,Gröna Lund,,,,,,,
http://www.wikidata.org/entity/Q21044545,Q21044545,,,,,,,,
http://www.wikidata.org/entity/Q21051432,Revenge of the Mummy,Universal Studios Singapore,,,,,,,
http://www.wikidata.org/entity/Q21593102,The Joker,Six Flags Discovery Kingdom,Rocky Mountain Construction,,,,,2016-05-29T00:00:00Z,
http://www.wikidata.org/entity/Q22000267,Big Dipper,Battersea Park,,,,,,,
http://www.wikidata.org/entity/Q22058482,Woodstock's Express,California's Great America,Intamin Amusement Rides Int. Corp. Est.,,,,,,
http://www.wikidata.org/entity/Q22073205,Lightning Rod,Dollywood,Rocky Mountain Construction,,,1158.24228,,2016-06-13T00:00:00Z,
http://www.wikidata.org/entity/Q22073205,Lightning Rod,Dollywood,Rocky Mountain Construction,,,1158.24228,,2016-06-13T00:00:00Z,
http://www.wikidata.org/entity/Q22073237,Switchback,ZDT's Amusement Park,The Gravity Group,,19.5,,,,
http://www.wikidata.org/entity/Q22073237,Switchback,ZDT's Amusement Park,The Gravity Group,,19.5,,,,
http://www.wikidata.org/entity/Q22341526,Heidi The Ride,,Great Coasters International,,,,,,
http://www.wikidata.org/entity/Q22666883,Tron Lightcycle Power Run,Shanghai Disneyland Park,Vekoma Rides Manufacturing B.V.,,,,,,
http://www.wikidata.org/entity/Q22695524,Mako,SeaWorld Orlando,Bolliger & Mabillard,,,,,2016-06-10T00:00:00Z,
http://www.wikidata.org/entity/Q23005748,Flash,,Mack Rides GmbH & Co KG,,,,,2016-01-01T00:00:00Z,
http://www.wikidata.org/entity/Q23663063,Project X,,,,,,,,
http://www.wikidata.org/entity/Q23663064,Q23663064,,,,,,,,
http://www.wikidata.org/entity/Q23831274,Cobra's Curse,Busch Gardens Tampa,Mack Rides GmbH & Co KG,,,,,2016-06-17T00:00:00Z,
http://www.wikidata.org/entity/Q23833028,The Monster (Adventureland),,Gerstlauer Amusement Rides GmbH,,,,,,
http://www.wikidata.org/entity/Q24174842,Kikkerachtbaan,Duinrell,ZIERER Karussell- und Spezialmaschinenbau GmbH & Co. KG,,8,,,,
http://www.wikidata.org/entity/Q24174842,Kikkerachtbaan,Duinrell,ZIERER Karussell- und Spezialmaschinenbau GmbH & Co. KG,,8,,,,
http://www.wikidata.org/entity/Q24207092,Puss In Boots‘ Giant Journey,Universal Studios Singapore,Antonio Zamperla S.p.A,,,,,,
http://www.wikidata.org/entity/Q24996970,Octonauts Rollercoaster Adventure,Alton Towers,Antonio Zamperla S.p.A,,,,,2015-03-21T00:00:00Z,
http://www.wikidata.org/entity/Q25006727,InvadR,Busch Gardens Williamsburg,Great Coasters International,,,,,,
http://www.wikidata.org/entity/Q25110043,The Flying Dinosaur,,Bolliger & Mabillard,,,,,,
http://www.wikidata.org/entity/Q25222122,Giant Skyrocket,,,,,,,,
http://www.wikidata.org/entity/Q25223509,Wicker Man,Alton Towers,Great Coasters International,,,,,,
http://www.wikidata.org/entity/Q25380325,Q25380325,,,,,,,,
http://www.wikidata.org/entity/Q25380327,Q25380327,,,,,,,,
http://www.wikidata.org/entity/Q25380330,Q25380330,,,,,,,,
http://www.wikidata.org/entity/Q25380386,Euro Express,,,,,,,,
http://www.wikidata.org/entity/Q25381261,Yamaha Racing Coaster,,,,,,,,
http://www.wikidata.org/entity/Q25381850,Q25381850,,,,,,,,
http://www.wikidata.org/entity/Q25382817,Q25382817,,,,,,,,
http://www.wikidata.org/entity/Q25392450,Q25392450,,,,,,,,
http://www.wikidata.org/entity/Q25392457,Q25392457,,,,,,,,
http://www.wikidata.org/entity/Q25392458,Q25392458,,,,,,,,
http://www.wikidata.org/entity/Q25392461,Q25392461,,,,,,,,
http://www.wikidata.org/entity/Q25392470,Q25392470,,,,,,,,
http://www.wikidata.org/entity/Q25392581,Q25392581,,,,,,,,
http://www.wikidata.org/entity/Q25392583,Q25392583,,,,,,,,
http://www.wikidata.org/entity/Q25392606,Acrobat,Kuwana,Bolliger & Mabillard,,43,1021,,2015-07-18T00:00:00Z,
http://www.wikidata.org/entity/Q25392666,Cú Chulainn,Emerald Park,The Gravity Group,,,,,,
http://www.wikidata.org/entity/Q25392698,Q25392698,,,,,,,,
http://www.wikidata.org/entity/Q25392716,Q25392716,,Arrow Dynamics,,21,383,,,
http://www.wikidata.org/entity/Q25395319,Q25395319,Walibi Rhône-Alpes,,,,,,,
http://www.wikidata.org/entity/Q25412902,Dragon,,,,,,,,
http://www.wikidata.org/entity/Q25413302,Formuła,,,,,,,,
http://www.wikidata.org/entity/Q26256649,Q26256649,Skara Sommarland,,,,,,,
http://www.wikidata.org/entity/Q26272007,Black Hole,,,,,,,,
http://www.wikidata.org/entity/Q26821517,Time Travel,,,,,,,,
http://www.wikidata.org/entity/Q27925520,Q27925520,,Arrow Dynamics,,,,,,
http://www.wikidata.org/entity/Q27925522,Toboggan Nordique,,Antonio Zamperla S.p.A,,,,,,
http://www.wikidata.org/entity/Q27989810,Star Trek: Operation Enterprise,Movie Park Germany,Mack Rides GmbH & Co KG,,,,,2017-06-14T00:00:00Z,
http://www.wikidata.org/entity/Q28062439,Valkyria,Liseberg,Bolliger & Mabillard,,,,,2018-08-10T00:00:00Z,
http://www.wikidata.org/entity/Q28071982,Lech,,,,,,,,
http://www.wikidata.org/entity/Q28072222,Mayan,,,,,,,,
http://www.wikidata.org/entity/Q28126845,Wave Breaker: The Rescue Coaster,SeaWorld San Antonio,Intamin Amusement Rides Int. Corp. Est.,,,,,2017-06-16T00:00:00Z,
http://www.wikidata.org/entity/Q28224484,Harpy,,Bolliger & Mabillard,,,,,,
http://www.wikidata.org/entity/Q28224486,Family Inverted Coaster,,Bolliger & Mabillard,,,,,,
http://www.wikidata.org/entity/Q28224700,Golden Wings in Snowfield,,Vekoma Rides Manufacturing B.V.,,,,,,
http://www.wikidata.org/entity/Q28403757,Icon,Pleasure Beach Resort,Mack Rides GmbH & Co KG,,,,,,
http://www.wikidata.org/entity/Q28446247,Mystic Timbers,Kings Island,Great Coasters International,,,,,2017-04-15T00:00:00Z,
http://www.wikidata.org/entity/Q28450477,Jungle Racing,Happy Valley Beijing,Vekoma Rides Manufacturing B.V.,,,,,,
http://www.wikidata.org/entity/Q28450559,Loopen,Tusenfryd,Vekoma Rides Manufacturing B.V.,,,,,,
http://www.wikidata.org/entity/Q28458584,Mad Mouse,,,,,,,,
http://www.wikidata.org/entity/Q28549977,Eye of the Storm,,,,,,,,
http://www.wikidata.org/entity/Q28563538,Dragon's Run,Ocean Park Ha Long,Bolliger & Mabillard,,,,,,
http://www.wikidata.org/entity/Q28563538,Dragon's Run,Freestyle Music Park,Bolliger & Mabillard,,,,,,
http://www.wikidata.org/entity/Q28649619,Q28649619,,,,,,,,
http://www.wikidata.org/entity/Q28723422,Looping Star,Budapest,,,,,,,
http://www.wikidata.org/entity/Q28840930,Speed,,,,,,,,
http://www.wikidata.org/entity/Q28840930,Speed,,,,,,,,
http://www.wikidata.org/entity/Q29615911,Boomerang,,,,,,,,
http://www.wikidata.org/entity/Q30597760,The Joker,,S&S Worldwide,,,,,,
http://www.wikidata.org/entity/Q30609857,Cyclone,Palisades Amusement Park,,,,,,,
http://www.wikidata.org/entity/Q30609867,Zip,,,,,,,,
http://www.wikidata.org/entity/Q30610188,Hydrus,,Gerstlauer Amusement Rides GmbH,,,,,,
http://www.wikidata.org/entity/Q30610681,Thunderbolt,Savin Rock Amusement Park,,,,,,,
http://www.wikidata.org/entity/Q30642325,Jazz Railway,,,,,,,,
http://www.wikidata.org/entity/Q30642331,Sesquicentennial Cyclone,,,,,,,,
http://www.wikidata.org/entity/Q30642835,Star Jet,Casino Pier,E&F Miler Industries,,,,,,
http://www.wikidata.org/entity/Q30644596,DC Rivals HyperCoaster,Warner Bros. Movie World,Mack Rides GmbH & Co KG,,,,,2017-09-22T00:00:00Z,
http://www.wikidata.org/entity/Q30646742,Cannon Coaster,,,,,,,,
http://www.wikidata.org/entity/Q30930493,Do-Dodonpa,,Sansei Technologies,,49,1244,,2017-07-15T00:00:00Z,
http://www.wikidata.org/entity/Q30930493,Do-Dodonpa,,Sansei Technologies,,49,1243.98268878,,2017-07-15T00:00:00Z,
http://www.wikidata.org/entity/Q30930493,Do-Dodonpa,,Sansei Technologies,,52,1244,,2017-07-15T00:00:00Z,
http://www.wikidata.org/entity/Q30930493,Do-Dodonpa,,Sansei Technologies,,52,1243.98268878,,2017-07-15T00:00:00Z,
http://www.wikidata.org/entity/Q30930493,Do-Dodonpa,,Sansei Technologies,,49.01193648,1244,,2017-07-15T00:00:00Z,
http://www.wikidata.org/entity/Q30930493,Do-Dodonpa,,Sansei Technologies,,49.01193648,1243.98268878,,2017-07-15T00:00:00Z,
http://www.wikidata.org/entity/Q31176116,Rolling X Train,,Arrow Dynamics,,,,,1988-04-16T00:00:00Z,
http://www.wikidata.org/entity/Q31176116,Rolling X Train,,Arrow Dynamics,,,,,1988-04-16T00:00:00Z,
http://www.wikidata.org/entity/Q31813028,Hype,Särkänniemi,Premier Rides,,46,260,,2017-06-18T00:00:00Z,
http://www.wikidata.org/entity/Q35006966,Slinky Dog Dash,Disney's Hollywood Studios,Mack Rides GmbH & Co KG,,,,,2018-06-30T00:00:00Z,
http://www.wikidata.org/entity/Q36259219,Guardians of the Galaxy: Cosmic Rewind,Epcot,Vekoma Rides Manufacturing B.V.,,,,,2022-05-27T00:00:00Z,
http://www.wikidata.org/entity/Q36259219,Guardians of the Galaxy: Cosmic Rewind,Epcot,Vekoma Rides Manufacturing B.V.,,,,,2022-05-27T00:00:00Z,
http://www.wikidata.org/entity/Q38252218,Wooden Roller Coaster,Playland,,,,,,,
http://www.wikidata.org/entity/Q39047934,Wonder Woman Golden Lasso Coaster,Six Flags Fiesta Texas,Rocky Mountain Construction,,,,,,
http://www.wikidata.org/entity/Q39048402,Twisted Timbers,Kings Dominion,Rocky Mountain Construction,,,,,2018-03-24T00:00:00Z,
http://www.wikidata.org/entity/Q39048970,RailBlazer,California's Great America,Rocky Mountain Construction,,,,,,
http://www.wikidata.org/entity/Q39050117,Wonder Woman Coaster,Six Flags México,S&S Worldwide,,,,,2018-06-01T00:00:00Z,
http://www.wikidata.org/entity/Q39052990,Drop the Dip,,,,,,,,
http://www.wikidata.org/entity/Q39053549,Airplane Coaster,Playland Park,,,,,,,
http://www.wikidata.org/entity/Q39057817,Svalbard Ekspressen,Kongeparken,Vekoma Rides Manufacturing B.V.,,,,,,
http://www.wikidata.org/entity/Q39071034,The Underground,Adventureland,Custom Coasters International,,,,,,
http://www.wikidata.org/entity/Q39073843,HangTime,Knott's Berry Farm,Gerstlauer Amusement Rides GmbH,,,,,2018-05-18T00:00:00Z,
http://www.wikidata.org/entity/Q41815126,Q41815126,Gardaland,Fabbri Group,,,,,,
http://www.wikidata.org/entity/Q42048688,Hyperion,,Intamin Amusement Rides Int. Corp. Est.,steel,77,1449.99741432,,2018-07-14T00:00:00Z,
http://www.wikidata.org/entity/Q42048688,Hyperion,,Intamin Amusement Rides Int. Corp. Est.,steel,76.99263156,1449.99741432,,2018-07-14T00:00:00Z,
http://www.wikidata.org/entity/Q42307228,Vapor Trail,Sesame Place Philadelphia,Vekoma Rides Manufacturing B.V.,,,,,,
http://www.wikidata.org/entity/Q47203974,Stinger,,Vekoma Rides Manufacturing B.V.,,,,,2012-04-28T00:00:00Z,
http://www.wikidata.org/entity/Q47203974,Stinger,,Vekoma Rides Manufacturing B.V.,,,,,2012-04-28T00:00:00Z,
http://www.wikidata.org/entity/Q48450165,Invertigo,,Vekoma Rides Manufacturing B.V.,,,,,1999-04-17T00:00:00Z,
http://www.wikidata.org/entity/Q48450165,Invertigo,,Vekoma Rides Manufacturing B.V.,,,,,1999-04-17T00:00:00Z,
http://www.wikidata.org/entity/Q48540252,Tweestryd,,,,,,,,
http://www.wikidata.org/entity/Q48740959,Hagrid's Magical Creatures Motorbike Adventure,Universal's Islands of Adventure,Intamin Amusement Rides Int. Corp. Est.,,,,,2019-06-13T00:00:00Z,
http://www.wikidata.org/entity/Q50172990,Q50172990,,,,,,,,
http://www.wikidata.org/entity/Q52158969,Fun Town at Micke Grove,Micke Grove Regional Park,,,,,,,
http://www.wikidata.org/entity/Q53843616,Q53843616,,,,,,,,
http://www.wikidata.org/entity/Q54150043,Cyklon,Výstaviště Praha,,,,,,,
http://www.wikidata.org/entity/Q56145727,Yukon Striker,Canada's Wonderland,Bolliger & Mabillard,,,,,,
http://www.wikidata.org/entity/Q56274345,Steel Curtain,Kennywood,S&S Worldwide,,,,,2019-07-13T00:00:00Z,
http://www.wikidata.org/entity/Q56697767,Q56697767,,ZIERER Karussell- und Spezialmaschinenbau GmbH & Co. KG,,,,,,
http://www.wikidata.org/entity/Q57522641,Wild Mouse,,,,,,,,
http://www.wikidata.org/entity/Q59563612,Copperhead Strike,Carowinds,Mack Rides GmbH & Co KG,,,,,,
http://www.wikidata.org/entity/Q59587081,Roar-o-Saurus,Story Land,The Gravity Group,,,,,,
http://www.wikidata.org/entity/Q59587152,Oscar's Wacky Taxi,Sesame Place Philadelphia,The Gravity Group,,,,,,
http://www.wikidata.org/entity/Q59587184,Mine Blower,Fun Sport America-Kissimmee,The Gravity Group,,,,,,
http://www.wikidata.org/entity/Q60741702,Maxx Force,Six Flags Great America,S&S Worldwide,,,,,,
http://www.wikidata.org/entity/Q60764525,Tigris,Busch Gardens Tampa,Premier Rides,,,,,,
http://www.wikidata.org/entity/Q60769496,Flying Aces,Ferrari World Abu Dhabi,Intamin Amusement Rides Int. Corp. Est.,,,,,2016-02-24T00:00:00Z,
http://www.wikidata.org/entity/Q60770886,Tantrum,Six Flags Darien Lake,Gerstlauer Amusement Rides GmbH,,,,,2018-05-25T00:00:00Z,
http://www.wikidata.org/entity/Q60845759,Mean Streak,,Dinn Corporation,,,,,1991-05-11T00:00:00Z,2016-09-16T00:00:00Z
http://www.wikidata.org/entity/Q60988197,Venus GP,,,,,,,,
http://www.wikidata.org/entity/Q60988448,Regina II,,,,,,,,
http://www.wikidata.org/entity/Q61944863,Gwazi,Busch Gardens Tampa,Great Coasters International,,,,,1999-06-18T00:00:00Z,2015-02-01T00:00:00Z
http://www.wikidata.org/entity/Q61945012,Wildcat,Frontier City,National Amusement Devices,,,,,1991-04-20T00:00:00Z,
http://www.wikidata.org/entity/Q61945038,Mako,SeaWorld San Diego,Bolliger & Mabillard,,,,,,
http://www.wikidata.org/entity/Q63565803,Wilkołak,,,,22,618,,,
http://www.wikidata.org/entity/Q65087330,Batman The Ride,,,,,,,,
http://www.wikidata.org/entity/Q65087363,Silver Streak,,,,,,,,
http://www.wikidata.org/entity/Q65087554,Desmo Race,,,,,,,,
http://www.wikidata.org/entity/Q65240746,Q65240746,,,,,,,,
http://www.wikidata.org/entity/Q65241484,Panic Coaster – Back Daaan,Tokyo Dome City,Gerstlauer Amusement Rides GmbH,,,,,2019-03-23T00:00:00Z,
http://www.wikidata.org/entity/Q65246671,Q65246671,,,,,,,,
http://www.wikidata.org/entity/Q65718380,Montaña Suiza,,,,,,,,
http://www.wikidata.org/entity/Q66498889,Orion,Kings Island,Bolliger & Mabillard,,,,,,
http://www.wikidata.org/entity/Q74068327,Dynamite,,,,,,,,
http://www.wikidata.org/entity/Q74403368,Giant Coaster (Fuji-Q Highland),Fuji-Q Highland,Sansei Technologies,,,,,1966-01-01T00:00:00Z,1997-01-01T00:00:00Z
http://www.wikidata.org/entity/Q75099048,Twisted Colossus,Six Flags Magic Mountain,Rocky Mountain Construction,,,,,,
http://www.wikidata.org/entity/Q75100035,Q75100035,,,,,,,,
http://www.wikidata.org/entity/Q75331944,Sky Dragster,,Maurer Söhne,,12,271,,2017-06-06T00:00:00Z,
http://www.wikidata.org/entity/Q78209480,Santa Monica West Coaster,Santa Monica Pier,D. H. Morgan Manufacturing,,,,,1996-05-25T00:00:00Z,
http://www.wikidata.org/entity/Q81085727,Q81085727,,,,,,,,
http://www.wikidata.org/entity/Q81772169,Texas Stingray,,Great Coasters International,,,,,,
http://www.wikidata.org/entity/Q84176797,Pantheon,,,,,,,,
http://www.wikidata.org/entity/Q85313781,Wakala,Bellewaerde,Gerstlauer Amusement Rides GmbH,,,660.01521924,,2020-07-01T00:00:00Z,
http://www.wikidata.org/entity/Q85474505,Big Thunder Mountain Railroad,,,,,847.345668,,1980-09-23T00:00:00Z,
http://www.wikidata.org/entity/Q85750456,Candymonium,,Bolliger & Mabillard,,,,,,
http://www.wikidata.org/entity/Q85750456,Candymonium,,Bolliger & Mabillard,,,,,,
http://www.wikidata.org/entity/Q85754903,Cyclone,Lakeside Amusement Park,,,,,,1940-05-17T00:00:00Z,
http://www.wikidata.org/entity/Q85845890,Excalibur,Six Flags AstroWorld,Arrow Dynamics,,,803.7591822,,1972-01-01T00:00:00Z,1998-01-01T00:00:00Z
http://www.wikidata.org/entity/Q85846399,Lightning Bolt,MGM Grand Adventures Theme Park,Intamin Amusement Rides Int. Corp. Est.,,,,,1993-01-01T00:00:00Z,2000-09-04T00:00:00Z
http://www.wikidata.org/entity/Q85847212,Silver Bullet,Frontier City,Anton Schwarzkopf,,,,,1986-07-18T00:00:00Z,
http://www.wikidata.org/entity/Q85847862,Twisted Typhoon,Wild Adventures,Vekoma Rides Manufacturing B.V.,,,,,1999-05-08T00:00:00Z,
http://www.wikidata.org/entity/Q85848040,Wildcat,Jolly Roger Amusement Park,Anton Schwarzkopf,,,,,,
http://www.wikidata.org/entity/Q85848105,Zimerman,,Arrow Dynamics,,,,,,
http://www.wikidata.org/entity/Q86662468,Q86662468,,Philadelphia Toboggan Coasters,,,,,,
http://www.wikidata.org/entity/Q86662528,Q86662528,,Philadelphia Toboggan Coasters,,,,,,
http://www.wikidata.org/entity/Q86663118,Mystic,,Gerstlauer Amusement Rides GmbH,,31,575,,2019-05-30T00:00:00Z,
http://www.wikidata.org/entity/Q86663118,Mystic,,Gerstlauer Amusement Rides GmbH,,31,575,,2019-05-30T00:00:00Z,
http://www.wikidata.org/entity/Q86663162,Cagliostro,,Maurer Söhne,,,,,,
http://www.wikidata.org/entity/Q86663596,Classic Coaster,Washington State Fair,,,,,,,
http://www.wikidata.org/entity/Q86663690,Flight of the Himalayan Eagle Music Roller Coaster,,,,,,,,
http://www.wikidata.org/entity/Q86664303,Hakugei,Kuwana,Rocky Mountain Construction,,55,1530,,2019-03-28T00:00:00Z,
http://www.wikidata.org/entity/Q87721534,Sandy's Blasting Bronco,Nickelodeon Universe,Intamin Amusement Rides Int. Corp. Est.,,,,,,
http://www.wikidata.org/entity/Q87729769,Nickelodeon Slime Streak,Nickelodeon Universe,Chance Rides,,,,,2019-10-25T00:00:00Z,
http://www.wikidata.org/entity/Q87729769,Nickelodeon Slime Streak,American Dream,Chance Rides,,,,,2019-10-25T00:00:00Z,
http://www.wikidata.org/entity/Q87730001,The Shredder,Nickelodeon Universe,Gerstlauer Amusement Rides GmbH,,,,,,
http://www.wikidata.org/entity/Q88081218,Adrenaline Peak,,Gerstlauer Amusement Rides GmbH,,,,,,
http://www.wikidata.org/entity/Q88293031,Electric Eel,SeaWorld San Diego,Premier Rides,,,,,,
http://www.wikidata.org/entity/Q92557468,RC70,M&D's,Pinfari,,,,,,
http://www.wikidata.org/entity/Q95422771,Q95422771,,,,,,,,
http://www.wikidata.org/entity/Q95422897,Q95422897,,,,,,,,
http://www.wikidata.org/entity/Q96381897,Ice Breaker,,Premier Rides,,,,,,
http://www.wikidata.org/entity/Q96408757,The Gauntlet,,Vekoma Rides Manufacturing B.V.,,,688.849356,,2004-04-10T00:00:00Z,
http://www.wikidata.org/entity/Q96418654,Jack Rabbit,Clementon Amusement Park,Philadelphia Toboggan Coasters,,,,,1919-01-01T00:00:00Z,2002-01-01T00:00:00Z
http://www.wikidata.org/entity/Q96481409,Bayou Express,Le Fleury,ZIERER Karussell- und Spezialmaschinenbau GmbH & Co. KG,,,,,2020-08-01T00:00:00Z,
http://www.wikidata.org/entity/Q96481409,Bayou Express,Le Fleury,ZIERER Karussell- und Spezialmaschinenbau GmbH & Co. KG,,,,,2020-08-01T00:00:00Z,
http://www.wikidata.org/entity/Q96481409,Bayou Express,Le Fleury,ZIERER Karussell- und Spezialmaschinenbau GmbH & Co. KG,,,,,2020-08-01T00:00:00Z,
http://www.wikidata.org/entity/Q96482694,Pitts Special,,Gerstlauer Amusement Rides GmbH,,,,,2020-06-24T00:00:00Z,
http://www.wikidata.org/entity/Q97671294,Aquaman: Power Wave,Six Flags Over Texas,Mack Rides GmbH & Co KG,,,216.01218522,,,
http://www.wikidata.org/entity/Q98012894,Azteka,Le Pal,Soquet,,,,,2003-04-13T00:00:00Z,
http://www.wikidata.org/entity/Q98108997,Twist,Le Pal,,,,,,,
http://www.wikidata.org/entity/Q98933691,Quantum Leap,Sochi Park,,,,,,,
http://www.wikidata.org/entity/Q98934637,Zmey Gorynych,Sochi Park,Mack Rides GmbH & Co KG,,,,,,
http://www.wikidata.org/entity/Q99528885,1066,,Soquet,,,,,,
http://www.wikidata.org/entity/Q100324831,VelociCoaster,Universal's Islands of Adventure,Intamin Amusement Rides Int. Corp. Est.,,47.244093,1432.56282,,2021-06-10T00:00:00Z,
http://www.wikidata.org/entity/Q100324831,VelociCoaster,Universal's Islands of Adventure,Intamin Amusement Rides Int. Corp. Est.,,47.244093,1432.56282,,2021-06-10T00:00:00Z,
http://www.wikidata.org/entity/Q101193542,Krampus Expedition,,Mack Rides GmbH & Co KG,,,,,,
http://www.wikidata.org/entity/Q104844713,Jersey Devil Coaster,Six Flags Great Adventure,Rocky Mountain Construction,,,,,2021-06-13T00:00:00Z,
http://www.wikidata.org/entity/Q104844713,Jersey Devil Coaster,Six Flags Great Adventure,Rocky Mountain Construction,,,,,2021-06-13T00:00:00Z,
http://www.wikidata.org/entity/Q104876747,Stunt Pilot,Silverwood Theme Park,Rocky Mountain Construction,,,,,2021-05-29T00:00:00Z,
http://www.wikidata.org/entity/Q104876747,Stunt Pilot,Silverwood Theme Park,Rocky Mountain Construction,,,,,2021-05-29T00:00:00Z,
http://www.wikidata.org/entity/Q104877244,Steel Taipan,Dreamworld,Mack Rides GmbH & Co KG,,,1199.9999622,,2021-12-14T00:00:00Z,
http://www.wikidata.org/entity/Q105043981,Kentucky Flyer,Kentucky Kingdom,The Gravity Group,,,,,2019-04-28T00:00:00Z,
http://www.wikidata.org/entity/Q105044224,Objectif Mars,Futuroscope,Intamin Amusement Rides Int. Corp. Est.,,,,,2020-06-13T00:00:00Z,
http://www.wikidata.org/entity/Q105063597,Dragonflier,Dollywood,Vekoma Rides Manufacturing B.V.,,,,,2019-05-10T00:00:00Z,
http://www.wikidata.org/entity/Q105063597,Dragonflier,Dollywood,Vekoma Rides Manufacturing B.V.,,,,,2019-05-10T00:00:00Z,
http://www.wikidata.org/entity/Q105081816,Merlin's Mayhem,Dutch Wonderland,S&S Worldwide,,,,,2018-04-28T00:00:00Z,
http://www.wikidata.org/entity/Q105081816,Merlin's Mayhem,Dutch Wonderland,S&S Worldwide,,,,,2018-04-28T00:00:00Z,
http://www.wikidata.org/entity/Q105443412,Rewind Racers,Adventure City,Gerstlauer Amusement Rides GmbH,,,,,,
http://www.wikidata.org/entity/Q105443750,Turbulence,Adventureland,Mack Rides GmbH & Co KG,,,382.00659198,,2015-05-22T00:00:00Z,
http://www.wikidata.org/entity/Q105945875,Q105945875,,,,,,,,
http://www.wikidata.org/entity/Q105945890,Q105945890,,,,,,,,
http://www.wikidata.org/entity/Q106179760,Leviathan,Sea World,Martin & Vleminckx,,,,,,
http://www.wikidata.org/entity/Q106372161,Orkanen,Fårup Summer Park,Vekoma Rides Manufacturing B.V.,,452.99465172,19.29387798,,2013-06-05T00:00:00Z,
http://www.wikidata.org/entity/Q106463544,Q106463544,,,,,,,,
http://www.wikidata.org/entity/Q106467186,Snoopy's Great Race,Universal Studios Japan,,,,,,,
http://www.wikidata.org/entity/Q106560562,Flying Eagle,Legoland Billund,ZIERER Karussell- und Spezialmaschinenbau GmbH & Co. KG,,11.00330166,280.99567314,,2018-03-24T00:00:00Z,
http://www.wikidata.org/entity/Q106560753,Drachenritt,Belantis,Gerstlauer Amusement Rides GmbH,,,,,,
http://www.wikidata.org/entity/Q106573817,Hidden Anaconda,Happy Valley Wuhan,,,,,,,
http://www.wikidata.org/entity/Q106573975,The Green Hornet: High Speed Chase,Motiongate,,,,,,,
http://www.wikidata.org/entity/Q106610857,Storm Chaser,Paultons Estate,Mack Rides GmbH & Co KG,,,458.99922354,,2021-04-12T00:00:00Z,
http://www.wikidata.org/entity/Q106617576,Capitol Bullet Train,,,,,,,,
http://www.wikidata.org/entity/Q106683817,Q106683817,,,,,,,,
http://www.wikidata.org/entity/Q106696200,Grand Canyon,Fraispertuis City,,,,,,,
http://www.wikidata.org/entity/Q106696202,Flight School,Emerald Park,,,,,,,
http://www.wikidata.org/entity/Q106696203,Avalancha,Xetulul,Intamin Amusement Rides Int. Corp. Est.,,,,,2002-01-01T00:00:00Z,
http://www.wikidata.org/entity/Q106696209,Tigre de Sibérie,Le Pal,Reverchon Industries,,,360,,1990-01-01T00:00:00Z,
http://www.wikidata.org/entity/Q106696213,Arashi,,,,,,,,
http://www.wikidata.org/entity/Q106696223,Big Dipper,Camden Park,National Amusement Devices,,,,,1958-01-01T00:00:00Z,
http://www.wikidata.org/entity/Q106921291,Q106921291,,,,,,,,
http://www.wikidata.org/entity/Q106941958,Q106941958,,,,,,,,
http://www.wikidata.org/entity/Q107176851,Monster,Gröna Lund,Bolliger & Mabillard,,34,700,,2021-06-02T00:00:00Z,
http://www.wikidata.org/entity/Q107261212,Dragon Slayer,Adventureland,S&S Worldwide,,,,,2021-05-29T00:00:00Z,
http://www.wikidata.org/entity/Q107284559,Runaway Tram,Morey's Piers,ZIERER Karussell- und Spezialmaschinenbau GmbH & Co. KG,,,,,,
http://www.wikidata.org/entity/Q107405666,Q107405666,Movie Park Germany,,,,,,,
http://www.wikidata.org/entity/Q107410967,Q107410967,,Schwarzkopf,,,,,,
http://www.wikidata.org/entity/Q107599814,Fønix,Fårup Summer Park,Vekoma Rides Manufacturing B.V.,,39.98983872,905.01394152,,2022-04-09T00:00:00Z,
http://www.wikidata.org/entity/Q108084356,Dr. Diabolical’s Cliffhanger,Six Flags Fiesta Texas,Bolliger & Mabillard,,,762.3063006,,2022-07-30T00:00:00Z,
http://www.wikidata.org/entity/Q108166881,Defiance,Glenwood Caverns,Gerstlauer Amusement Rides GmbH,,,,,2022-07-01T00:00:00Z,
http://www.wikidata.org/entity/Q108293346,Tumbili,Kings Dominion,S&S Worldwide,,,234.696462,,2022-03-12T00:00:00Z,
http://www.wikidata.org/entity/Q108795077,Bobsleds,Seabreeze Amusement Park,,,,377.952744,,1954-01-01T00:00:00Z,
http://www.wikidata.org/entity/Q108822228,Momonga Standing and Loop Coaster,Yomiuriland,TOGO,,,,,1979-01-01T00:00:00Z,2021-09-20T00:00:00Z
http://www.wikidata.org/entity/Q109259286,Wonder Woman Flight of Courage,Six Flags Magic Mountain,Rocky Mountain Construction,,39.9,1005.8,,2022-07-16T00:00:00Z,
http://www.wikidata.org/entity/Q109278483,Roller Coaster,Papea Parc,,,,,,,
http://www.wikidata.org/entity/Q109464482,Herky and Timmy's Racing Coaster,Everland,,,,314.00557812,,2005-10-01T00:00:00Z,
http://www.wikidata.org/entity/Q109464482,Herky and Timmy's Racing Coaster,Everland,,,,314,,2005-10-01T00:00:00Z,
http://www.wikidata.org/entity/Q109849943,ArieForce One,Fayetteville,Rocky Mountain Construction,,,,,,
http://www.wikidata.org/entity/Q110469156,Pikajuna,Linnanmäki,,,,,,,
http://www.wikidata.org/entity/Q111768243,Choco Chip Creek,,Vekoma Rides Manufacturing B.V.,steel,16.5,,,,
http://www.wikidata.org/entity/Q111942933,Decepticoaster,Universal Studios Beijing,Bolliger & Mabillard,,,1127.76222,,2021-09-20T00:00:00Z,
http://www.wikidata.org/entity/Q111942933,Decepticoaster,Universal Studios Beijing,Bolliger & Mabillard,,,1127.76222,,2021-09-20T00:00:00Z,
http://www.wikidata.org/entity/Q112659284,Nopuko Air Coaster,Lost Island Theme Park,,,,,,,
http://www.wikidata.org/entity/Q112665873,Sik,Flamingo Land Resort,Intamin Amusement Rides Int. Corp. Est.,,,875.02156248,,2022-07-02T00:00:00Z,
http://www.wikidata.org/entity/Q112689874,Cyclone,,,,,,,,
http://www.wikidata.org/entity/Q112689934,Mantis,,,,,,,1996-05-11T00:00:00Z,2014-10-19T00:00:00Z
http://www.wikidata.org/entity/Q113098664,Bisværmen,Tivoli Friheden,SBF Visa Group,,7.0104138,113.02006248,,2016-04-09T00:00:00Z,
http://www.wikidata.org/entity/Q113098781,Tyfonen,Tivoli Friheden,Antonio Zamperla S.p.A,,13.01498562,419.98474674,,,
http://www.wikidata.org/entity/Q113309216,Hyperia,Thorpe Park,Mack Rides GmbH & Co KG,,71.9329416,,,,
http://www.wikidata.org/entity/Q113309216,Hyperia,Thorpe Park,Mack Rides GmbH & Co KG,,71.9329416,,,,
http://www.wikidata.org/entity/Q113352165,Typhoon Coaster,,,,,,,,
http://www.wikidata.org/entity/Q113499145,Zambezi Zinger,Worlds of Fun,Great Coasters International,steel,22.5552444,756.5150892,,2023-06-19T00:00:00Z,
http://www.wikidata.org/entity/Q113499145,Zambezi Zinger,Worlds of Fun,Great Coasters International,wood,22.5552444,756.5150892,,2023-06-19T00:00:00Z,
http://www.wikidata.org/entity/Q113499145,Zambezi Zinger,Worlds of Fun,Great Coasters International,steel,22.5552444,756.5150892,,2023-06-19T00:00:00Z,
http://www.wikidata.org/entity/Q113499145,Zambezi Zinger,Worlds of Fun,Great Coasters International,wood,22.5552444,756.5150892,,2023-06-19T00:00:00Z,
http://www.wikidata.org/entity/Q113506863,Juvelen,,,,,,,,
http://www.wikidata.org/entity/Q113955718,Royal Scotsman,Hansa Park,,,,,,,
http://www.wikidata.org/entity/Q114093353,Q114093353,Lichtaart,,,,,,,
http://www.wikidata.org/entity/Q114093353,Q114093353,Bobbejaanland,,,,,,,
http://www.wikidata.org/entity/Q114683849,Alpyland,Mottarone,,,,,,,
http://www.wikidata.org/entity/Q114743928,Pipeline: The Surf Coaster,SeaWorld Orlando,Bolliger & Mabillard,,,,,,
http://www.wikidata.org/entity/Q115804804,Big Bear Mountain,Dollywood,,,,,,,
http://www.wikidata.org/entity/Q116477053,Linnunrata eXtra,Linnanmäki,ZIERER Karussell- und Spezialmaschinenbau GmbH & Co. KG,,,,,,
http://www.wikidata.org/entity/Q118221226,Q118221226,Bayern Park,Gerstlauer Amusement Rides GmbH,,15.5,240,,,
http://www.wikidata.org/entity/Q118773801,Q118773801,,,,,,,,
http://www.wikidata.org/entity/Q118905419,DarKoaster: Escape The Storm,,,,,,,,
http://www.wikidata.org/entity/Q119156676,ZOKKON,,Intamin Amusement Rides Int. Corp. Est.,,,,,,
http://www.wikidata.org/entity/Q120186859,Batman Gotham City Escape,Parque Warner Madrid,Intamin Amusement Rides Int. Corp. Est.,,,,,2023-05-13T00:00:00Z,
http://www.wikidata.org/entity/Q122459691,La Ronde des Rondins,,,,,,,,
http://www.wikidata.org/entity/Q122459749,Q122459749,,ZIERER Karussell- und Spezialmaschinenbau GmbH & Co. KG,,,,,,
http://www.wikidata.org/entity/Q122459756,Q122459756,,ZIERER Karussell- und Spezialmaschinenbau GmbH & Co. KG,,,,,,
http://www.wikidata.org/entity/Q122460534,Q122460534,Duinen Zathe Amusement Park,Pinfari,,,,,,
http://www.wikidata.org/entity/Q122460543,Drakenbaan,Valkeveen,Antonio Zamperla S.p.A,,,,,,
http://www.wikidata.org/entity/Q122460551,Jul's Rollerskates,,,,,,,,
http://www.wikidata.org/entity/Q122460554,Dolle Pier,DippieDoe,SBF Visa Group,,,,,,
http://www.wikidata.org/entity/Q122460555,Disco Twister,,EOS Rides,,,,,,
http://www.wikidata.org/entity/Q122460556,Q122460556,Coo,Gerstlauer Amusement Rides GmbH,,,,,,
http://www.wikidata.org/entity/Q122460557,Schtroumpfeur,Q2197655,Vekoma Rides Manufacturing B.V.,,,,,,
http://www.wikidata.org/entity/Q122460558,Q122460558,Q2706557,SBF Visa Group,,,,,,
http://www.wikidata.org/entity/Q122460559,Havana Spinning Adventure,"Mondo Verde, Landgraaf",SBF Visa Group,,,,,,
http://www.wikidata.org/entity/Q122460758,Q122460758,Duinen Zathe Amusement Park,Pinfari,,,,,,
http://www.wikidata.org/entity/Q122460758,Q122460758,Appelscha,Pinfari,,,,,,
http://www.wikidata.org/entity/Q122574064,The Flash: Vertical Velocity,,Vekoma Rides Manufacturing B.V.,,,,,,
http://www.wikidata.org/entity/Q122911902,Q122911902,Kinderstad Heerlen,,,5.3,58,,2018-11-01T00:00:00Z,
http://www.wikidata.org/entity/Q122922717,Fantasia Special,,Arrow Dynamics,,,,,,
http://www.wikidata.org/entity/Q123431659,Q123431659,Ueno Zoo,,,,,,,
http://www.wikidata.org/entity/Q123560218,Q123560218,,ZIERER Karussell- und Spezialmaschinenbau GmbH & Co. KG,,,,,,
http://www.wikidata.org/entity/Q123560227,Q123560227,,ZIERER Karussell- und Spezialmaschinenbau GmbH & Co. KG,,6,200,,,
http://www.wikidata.org/entity/Q123594444,TRON Lightcycle / Run,Tomorrowland,,,,966.00454158,,2023-04-04T00:00:00Z,
http://www.wikidata.org/entity/Q123660013,Q123660013,,Antonio Zamperla S.p.A,,,,,,
http://www.wikidata.org/entity/Q123660026,Q123660026,Volkel,ABC Engineering,,,,,,
http://www.wikidata.org/entity/Q123746027,Q123746027,Kinderstad Heerlen,Preston & Barbieri,,,135,,,
http://www.wikidata.org/entity/Q123746027,Q123746027,Kinderstad Heerlen,Preston & Barbieri,,,135,,,
http://www.wikidata.org/entity/Q123746028,Q123746028,Mega Speelstad,Q3129355,,6.1,21,,,
http://www.wikidata.org/entity/Q123746038,Q123746038,DippieDoe,ZIERER Karussell- und Spezialmaschinenbau GmbH & Co. KG,,,388,,2011-04-20T00:00:00Z,
http://www.wikidata.org/entity/Q123892097,Uncharted: The Enigma of Penitence,,,,,,,,
http://www.wikidata.org/entity/Q123980470,Q123980470,,,,25,400,,,
http://www.wikidata.org/entity/Q124187222,Q124187222,DippieDoe,ZIERER Karussell- und Spezialmaschinenbau GmbH & Co. KG,,,,,,
http://www.wikidata.org/entity/Q124288848,Q124288848,Koningin Juliana Toren,Q3129355,,,,,,
http://www.wikidata.org/entity/Q124288852,Q124288852,Koningin Juliana Toren,SBF Visa Group,,,,,,
http://www.wikidata.org/entity/Q124288852,Q124288852,Koningin Juliana Toren,SBF Visa Group,,,,,,
http://www.wikidata.org/entity/Q124325125,Mahuka,,,,,,,2024-06-15T00:00:00Z,
http://www.wikidata.org/entity/Q124377115,Wandering Oaken’s Sliding Sleighs,Hong Kong Disneyland,,,,,,,
http://www.wikidata.org/entity/Q124472546,Q124472546,,,,,,,,
http://www.wikidata.org/entity/Q124472557,Q124472557,,,,,,,,
http://www.wikidata.org/entity/Q125670165,Hyperspace Mountain,,,,,,,,
http://www.wikidata.org/entity/Q125684938,Fjord Explorer,,,,,,,,
http://www.wikidata.org/entity/Q125843790,Jormungandr,Drayton Manor Theme Park,,,,,,,
http://www.wikidata.org/entity/Q126098387,Q126098387,,Reverchon Industries,,,,,,
http://www.wikidata.org/entity/Q126688554,Q126688554,,Vekoma Rides Manufacturing B.V.,,,,,,
http://www.wikidata.org/entity/Q128218343,Bobcat,,,,,,,,
http://www.wikidata.org/entity/Q129642471,Phoenix Rising,,,,,,,,
http://www.wikidata.org/entity/Q130130645,Wrath of Rakshasa,Gurnee,Bolliger & Mabillard,steel,,,,2025-05-31T00:00:00Z,
http://www.wikidata.org/entity/Q130198418,Quantum Accelerator,Six Flags New England,,,,,,,
http://www.wikidata.org/entity/Q130213969,Palindrome,,,,,,,,
http://www.wikidata.org/entity/Q130297383,Doraemon XR Ride: Nobita's Sky Utopia,Universal Studios Japan,,,,,,,
http://www.wikidata.org/entity/Q130332677,Siren's Curse,,Vekoma Rides Manufacturing B.V.,,,,,2025-06-28T00:00:00Z,
http://www.wikidata.org/entity/Q130332677,Siren's Curse,,Vekoma Rides Manufacturing B.V.,,,,,2025-06-28T00:00:00Z,
http://www.wikidata.org/entity/Q130349483,Chura Racer,Serengeti Park,,,,,,,
http://www.wikidata.org/entity/Q130735411,Minifigure Speedway,,ZIERER Karussell- und Spezialmaschinenbau GmbH & Co. KG,,,244,,,
http://www.wikidata.org/entity/Q130779572,Q130779572,Erlebnispark Straßwalchen,,,,,,,
http://www.wikidata.org/entity/Q131036652,Bowls of Joy,,,,,,,,
http://www.wikidata.org/entity/Q131303776,Timber Ride,Legoredo Town,,,,,,1978-01-01T00:00:00Z,2013-08-19T00:00:00Z
http://www.wikidata.org/entity/Q131337551,Q131337551,,ZIERER Karussell- und Spezialmaschinenbau GmbH & Co. KG,,,,,,
http://www.wikidata.org/entity/Q131342123,Q131342123,,Antonio Zamperla S.p.A,,,,,2024-06-08T00:00:00Z,
http://www.wikidata.org/entity/Q131348848,Q131348848,,,,,,,,
http://www.wikidata.org/entity/Q131356763,Q131356763,Jaderpark,Gerstlauer Amusement Rides GmbH,,,,,,
http://www.wikidata.org/entity/Q131363680,Junior Red Force,,,,,,,,
http://www.wikidata.org/entity/Q131417584,Pioneer,,,,,,,,
http://www.wikidata.org/entity/Q131430980,Shred The Sewers,,,,,,,,
http://www.wikidata.org/entity/Q131440839,Q131440839,,,,,,,,
http://www.wikidata.org/entity/Q131465731,Good Gravy!,,Vekoma Rides Manufacturing B.V.,,23.4696462,220.00507308,,2024-05-11T00:00:00Z,
http://www.wikidata.org/entity/Q131466469,Die gesengte Sau,,,,,,,,
http://www.wikidata.org/entity/Q131466483,Formula Rossa Junior,,,,,,,,
http://www.wikidata.org/entity/Q131466492,Goldrusher,,,,,,,,
http://www.wikidata.org/entity/Q131466587,Hummel Brummel,,,,,,,,
http://www.wikidata.org/entity/Q131466659,Race of the Future,,,,,,,,
http://www.wikidata.org/entity/Q131466702,Saven,,,,,,,,
http://www.wikidata.org/entity/Q131466707,Vertika,,,,,,,,
http://www.wikidata.org/entity/Q131553469,ThunderVolt,Playland,,,,,,,
http://www.wikidata.org/entity/Q131562346,Q131562346,,,,,,,2020-09-05T00:00:00Z,
http://www.wikidata.org/entity/Q131563732,Demon Slayer: Kimetsu no Yaiba XR Ride — Race to Swordsmith Village,Universal Studios Japan,,,,,,,
http://www.wikidata.org/entity/Q131567034,Doraemon 4-D Art Adventure: Nobita's Art World Tales,Universal Studios Japan,,,,,,,
http://www.wikidata.org/entity/Q131611758,Q131611758,,Gerstlauer Amusement Rides GmbH,,,355,,,
http://www.wikidata.org/entity/Q131700590,Q131700590,,,,,,,,
http://www.wikidata.org/entity/Q131701846,Q131701846,,,,,,,,
http://www.wikidata.org/entity/Q132174212,Q132174212,,,,,,,,
http://www.wikidata.org/entity/Q132452158,Big Bad Wolf: The Wolf's Revenge,,,,,,,2025-05-01T00:00:00Z,
http://www.wikidata.org/entity/Q133188631,Sky Rider,,,,,,,,
http://www.wikidata.org/entity/Q133689704,Q133689704,,Gerstlauer Amusement Rides GmbH,,,,,,
http://www.wikidata.org/entity/Q133864138,Q133864138,Erlebnispark Straßwalchen,Mack Rides GmbH & Co KG,,23,470,,2025-04-12T00:00:00Z,
http://www.wikidata.org/entity/Q134125347,Wild Buffalo,La Mer de sable,Great Coasters International,,,,,,
http://www.wikidata.org/entity/Q134403215,Q134403215,Universal Studios Japan,,,,,,,
http://www.wikidata.org/entity/Q134966734,Matugani,Lost Island Theme Park,Intamin Amusement Rides Int. Corp. Est.,,,,,2023-05-20T00:00:00Z,
http://www.wikidata.org/entity/Q135004002,Double Loop,,,,,,,,
http://www.wikidata.org/entity/Q135295837,Q135295837,,Q131617947,,16,182,,,
http://www.wikidata.org/entity/Q135901932,Q135901932,Wurstelprater,Gerstlauer Amusement Rides GmbH,,10,236,,,
http://www.wikidata.org/entity/Q135951971,Insider,Wurstelprater,Maurer Söhne,,,300,,,
http://www.wikidata.org/entity/Q135966997,Giant Digger,Lotte World Adventure Busan,Mack Rides GmbH & Co KG,,,,,2022-03-31T00:00:00Z,
http://www.wikidata.org/entity/Q136093232,Q136093232,,,,,,,,
http://www.wikidata.org/entity/Q136436355,Q136436355,Erlebnispark Straßwalchen,Q131617947,,12,245,,,
http://www.wikidata.org/entity/Q136436355,Q136436355,Erlebnispark Straßwalchen,Mack Rides GmbH & Co KG,,12,245,,,
http://www.wikidata.org/entity/Q136436662,Big Dipper,,,,,,,,
http://www.wikidata.org/entity/Q136469159,Tormenta Rampaging Run,Six Flags Over Texas,,,,,,,
http://www.wikidata.org/entity/Q137049593,TNT,Gumbuya World,,,,,,,
http://www.wikidata.org/entity/Q137556764,Revolution,,Vekoma Rides Manufacturing B.V.,,,,,,
http://www.wikidata.org/entity/Q137556851,Speed,,Intamin Amusement Rides Int. Corp. Est.,,,,,,
http://www.wikidata.org/entity/Q137557115,Balagos – Flying Flame,,Vekoma Rides Manufacturing B.V.,,,,,,
http://www.wikidata.org/entity/Q137557166,Vertigo,,Mack Rides GmbH & Co KG,,,,,,
http://www.wikidata.org/entity/Q137557255,Crazy Mine,,Maurer Söhne,,,,,,
http://www.wikidata.org/entity/Q137557325,Dragon Roller Coaster,,Vekoma Rides Manufacturing B.V.,,,,,,
http://www.wikidata.org/entity/Q137560641,Boomerang,,,Vekoma Rides Manufacturing B.V.,,,,,
http://www.wikidata.org/entity/Q137643212,Iron Rattler,,Vekoma Rides Manufacturing B.V.,,,,,,
http://www.wikidata.org/entity/Q137668513,Kleine Zar,,,,,,,,
http://www.wikidata.org/entity/Q137709860,Volare,,Antonio Zamperla S.p.A,,,,,,
http://www.wikidata.org/entity/Q137709877,TNT El Tren de la Mina,,Gerstlauer Amusement Rides GmbH,,,,,,
http://www.wikidata.org/entity/Q137739269,Fire Runner,Lost Island Theme Park,,,,,,2025-07-18T00:00:00Z,
http://www.wikidata.org/entity/Q137830653,Q137830653,Six Flags Qiddiya City,Intamin Amusement Rides Int. Corp. Est.,,,,,,
http://www.wikidata.org/entity/Q137845009,Light Explorers,,Vekoma Rides Manufacturing B.V.,,,,,,
http://www.wikidata.org/entity/Q137998858,Snoopy's Flying Ace Adventure,,,,,,,,
http://www.wikidata.org/entity/Q137998869,Mine Cart Madness,,,,,,,,
http://www.wikidata.org/entity/Q138940592,Drakon,Paultons Park,,,,,,2026-05-16T00:00:00Z,
http://www.wikidata.org/entity/Q139394198,Rock ’n’ Roller Coaster Starring The Muppets,,Vekoma Rides Manufacturing B.V.,,,995.99692062,,2026-05-26T00:00:00Z,
http://www.wikidata.org/entity/Q140244808,Werewolf Gorge,,,,,,,,
http://www.wikidata.org/entity/Q140303628,Q140303628,Särkänniemi,Vekoma Rides Manufacturing B.V.,,,,,,
http://www.wikidata.org/entity/Q140365356,Q140365356,,Mack Rides GmbH & Co KG,,10,535,,,
http://www.wikidata.org/entity/Q140484881,Q140484881,,Vekoma Rides Manufacturing B.V.,,,,,,
http://www.wikidata.org/entity/Q140484881,Q140484881,,Vekoma Rides Manufacturing B.V.,,,,,,
http://www.wikidata.org/entity/Q140739058,Bakunawa,Six Flags Great Adventure,Mack Rides GmbH & Co KG,,,,,,
http://www.wikidata.org/entity/Q140739058,Bakunawa,Six Flags Great Adventure,Mack Rides GmbH & Co KG,,,,,,
http://www.wikidata.org/entity/Q140739058,Bakunawa,Six Flags Great Adventure,Mack Rides GmbH & Co KG,,,,,,
http://www.wikidata.org/entity/Q141251805,Texas Giant,Six Flags Over Texas,Dinn Corporation,,,,,1990-03-17T00:00:00Z,2009-11-01T00:00:00Z
http://www.wikidata.org/entity/Q141251885,Wildcat,Hersheypark,Great Coasters International,,,,,1996-05-26T00:00:00Z,2022-07-31T00:00:00Z
http://www.wikidata.org/entity/Q2043001,OzIris,Parc Astérix,Bolliger & Mabillard,,40,1000,25.000000000000000002,2012-04-07T00:00:00Z,
http://www.wikidata.org/entity/Q2043001,OzIris,Parc Astérix,Bolliger & Mabillard,,40,1000,25.000000000000000002,2012-04-07T00:00:00Z,
http://www.wikidata.org/entity/Q2062064,Vampire,Walibi Belgium,Vekoma Rides Manufacturing B.V.,,33.3,689,22.222222222222222224,1999-04-04T00:00:00Z,
http://www.wikidata.org/entity/Q2279695,Shock,,,,35,750,26.388888888888888891,2011-01-01T00:00:00Z,
http://www.wikidata.org/entity/Q2279695,Shock,,,,35,750,26.388888888888888891,2011-01-01T00:00:00Z,
http://www.wikidata.org/entity/Q2308436,Speed – The Ride,,Premier Rides,,68.2753344,416.052819,31.2928,2000-04-28T00:00:00Z,2011-05-01T00:00:00Z
http://www.wikidata.org/entity/Q2308436,Speed – The Ride,,Premier Rides,,68.2753344,416.052819,31.2928,2000-04-28T00:00:00Z,2011-05-01T00:00:00Z
http://www.wikidata.org/entity/Q2308436,Speed – The Ride,,Premier Rides,,68.2753344,416.052819,31.2928,2000-04-28T00:00:00Z,2011-05-01T00:00:00Z
http://www.wikidata.org/entity/Q2327576,Turbine,Walibi Belgium,Schwarzkopf,,42,220.1,23.69444444444444444634,1982-01-01T00:00:00Z,
http://www.wikidata.org/entity/Q2413991,Condor,,Vekoma Rides Manufacturing B.V.,,31,662,22.222222222222222224,1994-05-07T00:00:00Z,
http://www.wikidata.org/entity/Q689040,The Big One,,Arrow Dynamics,,64.9225278,1675.4888982,33.08333333333333333598,1994-05-28T00:00:00Z,
http://www.wikidata.org/entity/Q689040,The Big One,,Arrow Dynamics,,64.9225278,1675.4888982,33.08096,1994-05-28T00:00:00Z,
http://www.wikidata.org/entity/Q689040,The Big One,,Arrow Dynamics,,64.9225278,1675.5,33.08333333333333333598,1994-05-28T00:00:00Z,
http://www.wikidata.org/entity/Q689040,The Big One,,Arrow Dynamics,,64.9225278,1675.5,33.08096,1994-05-28T00:00:00Z,
http://www.wikidata.org/entity/Q689040,The Big One,,Arrow Dynamics,,64.9,1675.4888982,33.08333333333333333598,1994-05-28T00:00:00Z,
http://www.wikidata.org/entity/Q689040,The Big One,,Arrow Dynamics,,64.9,1675.4888982,33.08096,1994-05-28T00:00:00Z,
http://www.wikidata.org/entity/Q689040,The Big One,,Arrow Dynamics,,64.9,1675.5,33.08333333333333333598,1994-05-28T00:00:00Z,
http://www.wikidata.org/entity/Q689040,The Big One,,Arrow Dynamics,,64.9,1675.5,33.08096,1994-05-28T00:00:00Z,
http://www.wikidata.org/entity/Q689040,The Big One,,Arrow Dynamics,,64.9225278,1675.4888982,33.08333333333333333598,1994-05-28T00:00:00Z,
http://www.wikidata.org/entity/Q689040,The Big One,,Arrow Dynamics,,64.9225278,1675.4888982,33.08096,1994-05-28T00:00:00Z,
http://www.wikidata.org/entity/Q689040,The Big One,,Arrow Dynamics,,64.9225278,1675.5,33.08333333333333333598,1994-05-28T00:00:00Z,
http://www.wikidata.org/entity/Q689040,The Big One,,Arrow Dynamics,,64.9225278,1675.5,33.08096,1994-05-28T00:00:00Z,
http://www.wikidata.org/entity/Q689040,The Big One,,Arrow Dynamics,,64.9,1675.4888982,33.08333333333333333598,1994-05-28T00:00:00Z,
http://www.wikidata.org/entity/Q689040,The Big One,,Arrow Dynamics,,64.9,1675.4888982,33.08096,1994-05-28T00:00:00Z,
http://www.wikidata.org/entity/Q689040,The Big One,,Arrow Dynamics,,64.9,1675.5,33.08333333333333333598,1994-05-28T00:00:00Z,
http://www.wikidata.org/entity/Q689040,The Big One,,Arrow Dynamics,,64.9,1675.5,33.08096,1994-05-28T00:00:00Z,
http://www.wikidata.org/entity/Q730329,Drako,,ZIERER Karussell- und Spezialmaschinenbau GmbH & Co. KG,,6,199,8.8888888888888888896,1992-05-15T00:00:00Z,
http://www.wikidata.org/entity/Q738927,Booster Bike,,Vekoma Rides Manufacturing B.V.,,15,606,20.833333333333333335,2004-07-27T00:00:00Z,
http://www.wikidata.org/entity/Q738927,Booster Bike,,Vekoma Rides Manufacturing B.V.,,15,606,20.833333333333333335,2004-07-27T00:00:00Z,
http://www.wikidata.org/entity/Q751928,Rita,,Intamin Amusement Rides Int. Corp. Est.,,21,640,27.2222222222222222244,2005-04-01T00:00:00Z,
http://www.wikidata.org/entity/Q751928,Rita,,Intamin Amusement Rides Int. Corp. Est.,,21,640,27.2222222222222222244,2005-04-01T00:00:00Z,
http://www.wikidata.org/entity/Q771128,Katun,Mirabilandia,Bolliger & Mabillard,,52,1200,28.8888888888888888912,2000-01-04T00:00:00Z,
http://www.wikidata.org/entity/Q826726,Tornado,,,,,700,20.833333333333333335,,
http://www.wikidata.org/entity/Q828509,Goudurix,Parc Astérix,Vekoma Rides Manufacturing B.V.,,36,950,25.000000000000000002,1989-04-30T00:00:00Z,
http://www.wikidata.org/entity/Q828592,Escape of Novgorod,Hansa Park,Gerstlauer Amusement Rides GmbH,,40,700,27.77777777777777778,2009-04-09T00:00:00Z,
http://www.wikidata.org/entity/Q828592,Escape of Novgorod,Hansa Park,Gerstlauer Amusement Rides GmbH,,40,700,27.77777777777777778,2009-04-09T00:00:00Z,
http://www.wikidata.org/entity/Q830458,Kingda Ka,,Intamin Amusement Rides Int. Corp. Est.,,138.9890736,950.4,57.2222222222222222268,2005-05-21T00:00:00Z,2024-11-10T00:00:00Z
http://www.wikidata.org/entity/Q830458,Kingda Ka,,Intamin Amusement Rides Int. Corp. Est.,,138.9890736,950.3682708,57.2222222222222222268,2005-05-21T00:00:00Z,2024-11-10T00:00:00Z
http://www.wikidata.org/entity/Q830458,Kingda Ka,,Intamin Amusement Rides Int. Corp. Est.,,139,950.4,57.2222222222222222268,2005-05-21T00:00:00Z,2024-11-10T00:00:00Z
http://www.wikidata.org/entity/Q830458,Kingda Ka,,Intamin Amusement Rides Int. Corp. Est.,,139,950.3682708,57.2222222222222222268,2005-05-21T00:00:00Z,2024-11-10T00:00:00Z
http://www.wikidata.org/entity/Q830458,Kingda Ka,,Intamin Amusement Rides Int. Corp. Est.,,138.9890736,950.4,57.2222222222222222268,2005-05-21T00:00:00Z,2024-11-10T00:00:00Z
http://www.wikidata.org/entity/Q830458,Kingda Ka,,Intamin Amusement Rides Int. Corp. Est.,,138.9890736,950.3682708,57.2222222222222222268,2005-05-21T00:00:00Z,2024-11-10T00:00:00Z
http://www.wikidata.org/entity/Q830458,Kingda Ka,,Intamin Amusement Rides Int. Corp. Est.,,139,950.4,57.2222222222222222268,2005-05-21T00:00:00Z,2024-11-10T00:00:00Z
http://www.wikidata.org/entity/Q830458,Kingda Ka,,Intamin Amusement Rides Int. Corp. Est.,,139,950.3682708,57.2222222222222222268,2005-05-21T00:00:00Z,2024-11-10T00:00:00Z
http://www.wikidata.org/entity/Q830458,Kingda Ka,,Intamin Amusement Rides Int. Corp. Est.,,138.9890736,950.4,57.2222222222222222268,2005-05-21T00:00:00Z,2024-11-10T00:00:00Z
http://www.wikidata.org/entity/Q830458,Kingda Ka,,Intamin Amusement Rides Int. Corp. Est.,,138.9890736,950.3682708,57.2222222222222222268,2005-05-21T00:00:00Z,2024-11-10T00:00:00Z
http://www.wikidata.org/entity/Q830458,Kingda Ka,,Intamin Amusement Rides Int. Corp. Est.,,139,950.4,57.2222222222222222268,2005-05-21T00:00:00Z,2024-11-10T00:00:00Z
http://www.wikidata.org/entity/Q830458,Kingda Ka,,Intamin Amusement Rides Int. Corp. Est.,,139,950.3682708,57.2222222222222222268,2005-05-21T00:00:00Z,2024-11-10T00:00:00Z
http://www.wikidata.org/entity/Q874106,Pegasus,,Mack Rides GmbH & Co KG,,13,400,18.055555555555555557,2006-05-25T00:00:00Z,
http://www.wikidata.org/entity/Q874877,Eurosat,,Mack Rides GmbH & Co KG,,25.5,900,16.666666666666666668,1989-08-05T00:00:00Z,2017-11-05T00:00:00Z
http://www.wikidata.org/entity/Q874877,Eurosat,,Mack Rides GmbH & Co KG,,25.5,900,16.666666666666666668,1989-08-05T00:00:00Z,2017-11-05T00:00:00Z
http://www.wikidata.org/entity/Q895046,Boulder Dash,Lake Compounce,Custom Coasters International,,,1440.2,26.83333333333333333548,2000-05-21T00:00:00Z,
http://www.wikidata.org/entity/Q7538071,Skytrak,,,,15.24003,390.7543692,12.51712,1997-10-01T00:00:00Z,1998-01-01T00:00:00Z
http://www.wikidata.org/entity/Q7538071,Skytrak,,,,15.24003,390.7543692,12.51712,1997-10-01T00:00:00Z,1998-01-01T00:00:00Z
http://www.wikidata.org/entity/Q3459913,SOS Tournevis,,ZIERER Karussell- und Spezialmaschinenbau GmbH & Co. KG,,6,199,8.8888888888888888896,1990-01-01T00:00:00Z,
http://www.wikidata.org/entity/Q3528731,Timber Drop,Fraispertuis City,S&S Worldwide,,30,420,18.3333333333333333348,2011-07-02T00:00:00Z,
http://www.wikidata.org/entity/Q3547878,Ukko,Linnanmäki,Maurer Söhne,,52,,29.166666666666666669,2011-05-27T00:00:00Z,
http://www.wikidata.org/entity/Q5170868,Corkscrew,Muskegon,Arrow Dynamics,steel,,381.00075,20.1168,,
http://www.wikidata.org/entity/Q2482449,Tornado,Walibi Belgium,Vekoma Rides Manufacturing B.V.,,22.9,731.5,17.88888888888888889032,1979-01-01T00:00:00Z,2002-01-01T00:00:00Z
http://www.wikidata.org/entity/Q2500496,Vol D'Icare,,ZIERER Karussell- und Spezialmaschinenbau GmbH & Co. KG,,11,410,11.6666666666666666676,1994-01-01T00:00:00Z,
http://www.wikidata.org/entity/Q2514199,Verbolten,,ZIERER Karussell- und Spezialmaschinenbau GmbH & Co. KG,,26.8,864.1,23.69444444444444444634,2012-05-18T00:00:00Z,
http://www.wikidata.org/entity/Q2514199,Verbolten,,ZIERER Karussell- und Spezialmaschinenbau GmbH & Co. KG,,26.8,864.1,23.69444444444444444634,2012-05-18T00:00:00Z,
http://www.wikidata.org/entity/Q2584850,Speed of Sound,,Vekoma Rides Manufacturing B.V.,,35.5,285,21.00000000000000000168,2000-04-22T00:00:00Z,
http://www.wikidata.org/entity/Q2584850,Speed of Sound,,Vekoma Rides Manufacturing B.V.,,35.5,285,21.00000000000000000168,2000-04-22T00:00:00Z,
http://www.wikidata.org/entity/Q2597318,X-Flight,Six Flags Great America,Bolliger & Mabillard,,37,910,24.7222222222222222242,,
http://www.wikidata.org/entity/Q2656090,Das Große LEGO Rennen,,Mack Rides GmbH & Co KG,,16,400,15.63888888888888889014,2002-01-01T00:00:00Z,
http://www.wikidata.org/entity/Q2656090,Das Große LEGO Rennen,,Mack Rides GmbH & Co KG,,16,400,15.63888888888888889014,2002-01-01T00:00:00Z,
http://www.wikidata.org/entity/Q2656090,Das Große LEGO Rennen,,Mack Rides GmbH & Co KG,,16,400,15.63888888888888889014,2002-01-01T00:00:00Z,
http://www.wikidata.org/entity/Q2690649,Cobra,Walibi Belgium,Vekoma Rides Manufacturing B.V.,,35.5,285,21.00000000000000000168,2001-04-28T00:00:00Z,
http://www.wikidata.org/entity/Q2690649,Cobra,Walibi Belgium,Vekoma Rides Manufacturing B.V.,,35.5,285,21.00000000000000000168,2001-04-28T00:00:00Z,
http://www.wikidata.org/entity/Q2690649,Cobra,Walibi Belgium,Vekoma Rides Manufacturing B.V.,,35.5,285,21.00000000000000000168,2001-04-28T00:00:00Z,
http://www.wikidata.org/entity/Q2788328,Trace du Hourra,,Mack Rides GmbH & Co KG,,31,900,16.666666666666666668,2001-03-31T00:00:00Z,
http://www.wikidata.org/entity/Q3090780,Full Throttle,,Premier Rides,,49,670.6,31.30555555555555555806,2013-06-22T00:00:00Z,
http://www.wikidata.org/entity/Q3090780,Full Throttle,,Premier Rides,,49,670.6,31.30555555555555555806,2013-06-22T00:00:00Z,
http://www.wikidata.org/entity/Q664228,The Incredible Hulk,,Bolliger & Mabillard,,33.528066,1127.76222,29.94444444444444444684,1999-05-28T00:00:00Z,
http://www.wikidata.org/entity/Q664228,The Incredible Hulk,,Bolliger & Mabillard,,33.528066,1127.8,29.94444444444444444684,1999-05-28T00:00:00Z,
http://www.wikidata.org/entity/Q667521,Sky Wheel,,Maurer Söhne,,46,,29.166666666666666669,2004-10-01T00:00:00Z,
http://www.wikidata.org/entity/Q1709924,Journey to Atlantis,,,,,,,,
http://www.wikidata.org/entity/Q1710760,The Odyssey (UK Roller Coaster),,Vekoma Rides Manufacturing B.V.,,,,,,
http://www.wikidata.org/entity/Q1423040,Rage,,Gerstlauer Amusement Rides GmbH,,,,,,
http://www.wikidata.org/entity/Q1425281,Texas Cyclone,,,,,,,,
http://www.wikidata.org/entity/Q1426900,Q1426900,Tusenfryd,,,,,,,
http://www.wikidata.org/entity/Q1427260,Flashback,Six Flags Over Georgia,Intamin Amusement Rides Int. Corp. Est.,,,,,,
http://www.wikidata.org/entity/Q1690870,Saw – The Ride,Thorpe Park,Gerstlauer Amusement Rides GmbH,,,,,,
http://www.wikidata.org/entity/Q1693012,Nighthawk,,Vekoma Rides Manufacturing B.V.,,,,,,
http://www.wikidata.org/entity/Q1699142,Superman: Ultimate Flight (Six Flags Discovery Kingdom),Six Flags Discovery Kingdom,Premier Rides,,,,,,
http://www.wikidata.org/entity/Q1709924,Journey to Atlantis,,,,,,,,
